Run_accession,Assay Type,BioProject,BioSample,Center Name,Consent,DATASTORE filetype,DATASTORE provider,DATASTORE region,Experiment,Instrument,LibraryLayout,LibrarySelection,LibrarySource,Organism,Platform,ReleaseDate,Sample Name,SRA Study,Material,Type,Isolation source,Filesize (GB),Avg_read_len,Avg_num_reads,True_label
0,SRR988083,WGS,PRJNA219368,SAMN02354107,GEORGIA TECH,public,"fastq,sra","gs,ncbi,s3","gs.US,ncbi.public,s3.us-east-1",SRX352039,Illumina HiSeq 2000,PAIRED,unspecified,METAGENOMIC,soil metagenome,ILLUMINA,2015-07-22T00:00:00Z,T5,SRP029969,Sediment/Soil,mMetagenome,Not applicable,9.538,101.0,52186306.0,Sediment/Soil
1,SRR988085,WGS,PRJNA219368,SAMN02354106,GEORGIA TECH,public,"fastq,sra","gs,ncbi,s3","gs.US,ncbi.public,s3.us-east-1",SRX352038,Illumina HiSeq 2000,PAIRED,unspecified,METAGENOMIC,soil metagenome,ILLUMINA,2015-07-22T00:00:00Z,T4.rep2,SRP029969,Sediment/Soil,mMetagenome,Not applicable,5.307,101.0,28954280.0,Sediment/Soil
2,SRR988086,WGS,PRJNA219368,SAMN02354105,GEORGIA TECH,public,"fastq,sra","gs,ncbi,s3","gs.US,ncbi.public,s3.us-east-1",SRX352037,Illumina HiSeq 2000,PAIRED,unspecified,METAGENOMIC,soil metagenome,ILLUMINA,2015-07-22T00:00:00Z,T4.rep1,SRP029969,Sediment/Soil,mMetagenome,Not applicable,5.35,101.0,29162543.0,Sediment/Soil
3,SRR988088,WGS,PRJNA219368,SAMN02354103,GEORGIA TECH,public,"fastq,sra","gs,ncbi,s3","gs.US,ncbi.public,s3.us-east-1",SRX352035,Illumina HiSeq 2000,PAIRED,unspecified,METAGENOMIC,soil metagenome,ILLUMINA,2015-07-22T00:00:00Z,T2,SRP029969,Sediment/Soil,mMetagenome,Not applicable,10.005,101.0,55033514.0,Sediment/Soil
4,SRR988093,WGS,PRJNA219368,SAMN02354098,GEORGIA TECH,public,"fastq,sra","gs,ncbi,s3","gs.US,ncbi.public,s3.us-east-1",SRX352028,Illumina HiSeq 2000,PAIRED,unspecified,METAGENOMIC,soil metagenome,ILLUMINA,2015-07-22T00:00:00Z,C3.rep2,SRP029969,Sediment/Soil,mMetagenome,Not applicable,7.429,100.0,40525382.0,Sediment/Soil
5,SRR1518476,WGS,PRJNA255439,SAMN02919190,THE GEORGE WASHINGTON UNIVERSITY,public,"fastq,sra","gs,ncbi,s3","gs.US,ncbi.public,s3.us-east-1",SRX655726,Illumina HiSeq 2000,SINGLE,RANDOM,METAGENOMIC,human metagenome,ILLUMINA,2014-10-22T00:00:00Z,ES 088,SRP044400,Oral,mMetagenome,Not declared,4.225,101.0,46560451.0,mOral
6,SRR1518536,WGS,PRJNA255439,SAMN02919191,THE GEORGE WASHINGTON UNIVERSITY,public,"fastq,sra","gs,ncbi,s3","gs.US,ncbi.public,s3.us-east-1",SRX655735,Illumina HiSeq 2000,SINGLE,RANDOM,METAGENOMIC,human metagenome,ILLUMINA,2014-10-22T00:00:00Z,ES 089,SRP044400,Oral,mMetagenome,Not declared,4.5120000000000005,101.0,51170097.0,mOral
7,SRR1518998,WGS,PRJNA255439,SAMN02919192,THE GEORGE WASHINGTON UNIVERSITY,public,"fastq,sra","gs,ncbi,s3","gs.US,ncbi.public,s3.us-east-1",SRX656198,Illumina HiSeq 2000,SINGLE,RANDOM,METAGENOMIC,human metagenome,ILLUMINA,2014-10-22T00:00:00Z,ES 095,SRP044400,Oral,mMetagenome,Not declared,2.635,101.0,29670989.0,mOral
8,SRR1519045,WGS,PRJNA255439,SAMN02919195,THE GEORGE WASHINGTON UNIVERSITY,public,"fastq,sra","gs,ncbi,s3","gs.US,ncbi.public,s3.us-east-1",SRX656246,Illumina HiSeq 2000,SINGLE,RANDOM,METAGENOMIC,human metagenome,ILLUMINA,2014-10-22T00:00:00Z,ES 106,SRP044400,Oral,mMetagenome,Not declared,3.442,101.0,38562271.0,mOral
9,SRR1519047,WGS,PRJNA255439,SAMN02919197,THE GEORGE WASHINGTON UNIVERSITY,public,"fastq,sra","gs,ncbi,s3","gs.US,ncbi.public,s3.us-east-1",SRX656248,Illumina HiSeq 2000,SINGLE,RANDOM,METAGENOMIC,human metagenome,ILLUMINA,2014-10-22T00:00:00Z,ES 110,SRP044400,Oral,mMetagenome,Not declared,5.236,101.0,58009820.0,mOral
10,SRR1519052,WGS,PRJNA255439,SAMN02919201,THE GEORGE WASHINGTON UNIVERSITY,public,"fastq,sra","gs,ncbi,s3","gs.US,ncbi.public,s3.us-east-1",SRX656253,Illumina HiSeq 2000,SINGLE,RANDOM,METAGENOMIC,human metagenome,ILLUMINA,2014-10-22T00:00:00Z,ES 208,SRP044400,Oral,mMetagenome,Not declared,4.908,101.0,57023729.0,mOral
11,SRR1519055,WGS,PRJNA255439,SAMN02919202,THE GEORGE WASHINGTON UNIVERSITY,public,"fastq,sra","gs,ncbi,s3","gs.US,ncbi.public,s3.us-east-1",SRX656255,Illumina HiSeq 2000,SINGLE,RANDOM,METAGENOMIC,human metagenome,ILLUMINA,2014-10-22T00:00:00Z,ES 209,SRP044400,Oral,mMetagenome,Not declared,6.518,101.0,73888908.0,mOral
12,SRR1519056,WGS,PRJNA255439,SAMN02919203,THE GEORGE WASHINGTON UNIVERSITY,public,"fastq,sra","gs,ncbi,s3","gs.US,ncbi.public,s3.us-east-1",SRX656257,Illumina HiSeq 2000,SINGLE,RANDOM,METAGENOMIC,human metagenome,ILLUMINA,2014-10-22T00:00:00Z,ES 210,SRP044400,Oral,mMetagenome,Not declared,3.573,101.0,40768371.0,mOral
13,SRR1519057,WGS,PRJNA255439,SAMN02919204,THE GEORGE WASHINGTON UNIVERSITY,public,"fastq,sra","gs,ncbi,s3","gs.US,ncbi.public,s3.us-east-1",SRX656258,Illumina HiSeq 2000,SINGLE,RANDOM,METAGENOMIC,human metagenome,ILLUMINA,2014-10-22T00:00:00Z,ES 211,SRP044400,Oral,mMetagenome,Not declared,3.182,101.0,37767401.0,mOral
14,SRR1794618,WGS,PRJNA255922,SAMN03287599,UCLA,public,"fastq,sra","gs,ncbi,s3","gs.US,ncbi.public,s3.us-east-1",SRX869993,Illumina HiSeq 2000,PAIRED,unspecified,METAGENOMIC,human oral metagenome,ILLUMINA,2015-02-10T00:00:00Z,S14-02-D,SRP052958,Oral,mMetagenome,Plaque,7.129,93.55,43351054.0,mOral
15,SRR1795009,WGS,PRJNA255922,SAMN03287605,UCLA,public,"fastq,sra","gs,ncbi,s3","gs.US,ncbi.public,s3.us-east-1",SRX870379,Illumina HiSeq 2000,PAIRED,unspecified,METAGENOMIC,human oral metagenome,ILLUMINA,2015-02-10T00:00:00Z,S21-04-R,SRP052958,Oral,mMetagenome,Plaque,5.507,95.9,33017622.0,mOral
16,SRR1795018,WGS,PRJNA255922,SAMN03287609,UCLA,public,"fastq,sra","gs,ncbi,s3","gs.US,ncbi.public,s3.us-east-1",SRX870388,Illumina HiSeq 2000,PAIRED,unspecified,METAGENOMIC,human oral metagenome,ILLUMINA,2015-02-10T00:00:00Z,S27-04-R,SRP052958,Oral,mMetagenome,Plaque,5.461,92.95,34856128.0,mOral
17,SRR1783758,WGS,PRJNA255922,SAMN03287589,UCLA,public,"fastq,sra","gs,ncbi,s3","gs.US,ncbi.public,s3.us-east-1",SRX862787,Illumina HiSeq 2000,PAIRED,unspecified,METAGENOMIC,human oral metagenome,ILLUMINA,2015-02-05T00:00:00Z,S13-04-R,SRP052958,Oral,mMetagenome,Plaque,6.344,97.3,36490332.0,mOral
18,SRR2240920,WGS,PRJNA275349,SAMN03351569,JCVI,public,"sra,unknown_contigs","gs,ncbi,s3","gs.US,ncbi.public,s3.us-east-1",SRX1182854,Illumina HiSeq 2000,PAIRED,RANDOM,METAGENOMIC,human metagenome,ILLUMINA,2015-09-08T00:00:00Z,700122872_zo7_G_DNA_Supragingival_plaque,SRP056641,Oral,mMetagenome,Plaque,3.995,101.0,27386137.0,mOral
19,SRR1952611,WGS,PRJNA275349,SAMN03351552,JCVI,public,"fastq,sra","gs,ncbi,s3","gs.US,ncbi.public,s3.us-east-1",SRX978539,Illumina HiSeq 2000,PAIRED,RANDOM,METAGENOMIC,human metagenome,ILLUMINA,2015-04-09T00:00:00Z,700122212_zo7_G_DNA_Supragingival_plaque,SRP056641,Oral,mMetagenome,Plaque,2.587,101.0,28677800.0,mOral
20,SRR1157609,WGS,PRJNA221719,SAMN02364458,GEORGIA TECH,public,sra,"gs,ncbi,s3","gs.US,ncbi.public,s3.us-east-1",SRX461727,Illumina HiSeq 2000,PAIRED,size fractionation,METAGENOMIC,soil metagenome,ILLUMINA,2014-02-10T00:00:00Z,Bog25,SRP030479,Sediment/Soil,mMetagenome,Not applicable,8.381,100.0,52421485.0,Sediment/Soil
21,SRR1950687,WGS,PRJNA277905,SAMN03398501,GENOME INSTITRUTE OF SINGAPORE,public,"fastq,sra","gs,ncbi,s3","gs.US,ncbi.public,s3.us-east-1",SRX976936,Illumina HiSeq 2000,PAIRED,RANDOM,METAGENOMIC,human skin metagenome,ILLUMINA,2016-03-26T00:00:00Z,WBS008,SRP056821,Skin,mMetagenome,Not applicable,1.466,100.0,10664184.0,Skin
22,SRR1950688,AMPLICON,PRJNA277905,SAMN03398502,GENOME INSTITRUTE OF SINGAPORE,public,"fastq,sra","gs,ncbi,s3","gs.US,ncbi.public,s3.us-east-1",SRX976937,Illumina HiSeq 2000,PAIRED,PCR,METAGENOMIC,human skin metagenome,ILLUMINA,2016-03-26T00:00:00Z,WBS005,SRP056821,Skin,mMetagenome,Not applicable,0.457,100.0,4650989.0,Skin
23,SRR1950694,AMPLICON,PRJNA277905,SAMN03398508,GENOME INSTITRUTE OF SINGAPORE,public,"fastq,sra","gs,ncbi,s3","gs.US,ncbi.public,s3.us-east-1",SRX976943,Illumina HiSeq 2000,PAIRED,PCR,METAGENOMIC,human skin metagenome,ILLUMINA,2016-03-26T00:00:00Z,WBS002,SRP056821,Skin,mMetagenome,Not applicable,0.927,100.0,9446931.0,Skin
24,SRR1950695,WGS,PRJNA277905,SAMN03398509,GENOME INSTITRUTE OF SINGAPORE,public,"fastq,sra","gs,ncbi,s3","gs.US,ncbi.public,s3.us-east-1",SRX976944,Illumina HiSeq 2000,PAIRED,RANDOM,METAGENOMIC,human skin metagenome,ILLUMINA,2016-03-26T00:00:00Z,WOS016,SRP056821,Skin,mMetagenome,Not applicable,1.887,100.0,13089509.0,Skin
25,SRR1950716,WGS,PRJNA277905,SAMN03398530,GENOME INSTITRUTE OF SINGAPORE,public,"fastq,sra","gs,ncbi,s3","gs.US,ncbi.public,s3.us-east-1",SRX976965,Illumina HiSeq 2000,PAIRED,RANDOM,METAGENOMIC,human skin metagenome,ILLUMINA,2016-03-26T00:00:00Z,WBE008,SRP056821,Skin,mMetagenome,Not applicable,1.512,100.0,7863762.0,Skin
26,SRR1950717,WGS,PRJNA277905,SAMN03398531,GENOME INSTITRUTE OF SINGAPORE,public,"fastq,sra","gs,ncbi,s3","gs.US,ncbi.public,s3.us-east-1",SRX976966,Illumina HiSeq 2000,PAIRED,RANDOM,METAGENOMIC,human skin metagenome,ILLUMINA,2016-03-26T00:00:00Z,WBE017,SRP056821,Skin,mMetagenome,Not applicable,1.6,100.0,8428704.0,Skin
27,SRR1950724,WGS,PRJNA277905,SAMN03398538,GENOME INSTITRUTE OF SINGAPORE,public,"fastq,sra","gs,ncbi,s3","gs.US,ncbi.public,s3.us-east-1",SRX976973,Illumina HiSeq 2000,PAIRED,RANDOM,METAGENOMIC,human skin metagenome,ILLUMINA,2016-03-26T00:00:00Z,WBS019,SRP056821,Skin,mMetagenome,Not applicable,1.997,100.0,14574740.0,Skin
28,SRR1950736,WGS,PRJNA277905,SAMN03398550,GENOME INSTITRUTE OF SINGAPORE,public,"fastq,sra","gs,ncbi,s3","gs.US,ncbi.public,s3.us-east-1",SRX976985,Illumina HiSeq 2000,PAIRED,RANDOM,METAGENOMIC,human skin metagenome,ILLUMINA,2016-03-26T00:00:00Z,WBU014,SRP056821,Skin,mMetagenome,Not applicable,0.892,100.0,6519908.0,Skin
29,SRR1950744,WGS,PRJNA277905,SAMN03398558,GENOME INSTITRUTE OF SINGAPORE,public,"fastq,sra","gs,ncbi,s3","gs.US,ncbi.public,s3.us-east-1",SRX976993,Illumina HiSeq 2000,PAIRED,RANDOM,METAGENOMIC,human skin metagenome,ILLUMINA,2016-03-26T00:00:00Z,WBE004,SRP056821,Skin,mMetagenome,Not applicable,1.951,100.0,10262026.0,Skin
30,SRR1950747,WGS,PRJNA277905,SAMN03398561,GENOME INSTITRUTE OF SINGAPORE,public,"fastq,sra","gs,ncbi,s3","gs.US,ncbi.public,s3.us-east-1",SRX976996,Illumina HiSeq 2000,PAIRED,RANDOM,METAGENOMIC,human skin metagenome,ILLUMINA,2016-03-26T00:00:00Z,WBE011,SRP056821,Skin,mMetagenome,Not applicable,2.077,100.0,11061375.0,Skin
31,SRR1950748,WGS,PRJNA277905,SAMN03398562,GENOME INSTITRUTE OF SINGAPORE,public,"fastq,sra","gs,ncbi,s3","gs.US,ncbi.public,s3.us-east-1",SRX976997,Illumina HiSeq 2000,PAIRED,RANDOM,METAGENOMIC,human skin metagenome,ILLUMINA,2016-03-26T00:00:00Z,WBE012,SRP056821,Skin,mMetagenome,Not applicable,2.146,100.0,11425104.0,Skin
32,SRR1950768,WGS,PRJNA277905,SAMN03398582,GENOME INSTITRUTE OF SINGAPORE,public,"fastq,sra","gs,ncbi,s3","gs.US,ncbi.public,s3.us-east-1",SRX977017,Illumina HiSeq 2000,PAIRED,RANDOM,METAGENOMIC,human skin metagenome,ILLUMINA,2016-03-26T00:00:00Z,WBE037,SRP056821,Skin,mMetagenome,Not applicable,0.866,100.0,6217736.0,Skin
33,SRR1950769,WGS,PRJNA277905,SAMN03398583,GENOME INSTITRUTE OF SINGAPORE,public,"fastq,sra","gs,ncbi,s3","gs.US,ncbi.public,s3.us-east-1",SRX977018,Illumina HiSeq 2000,PAIRED,RANDOM,METAGENOMIC,human skin metagenome,ILLUMINA,2016-03-26T00:00:00Z,WBE038,SRP056821,Skin,mMetagenome,Not applicable,0.923,100.0,6688762.0,Skin
34,SRR1950777,WGS,PRJNA277905,SAMN03398591,GENOME INSTITRUTE OF SINGAPORE,public,"fastq,sra","gs,ncbi,s3","gs.US,ncbi.public,s3.us-east-1",SRX977026,Illumina HiSeq 2000,PAIRED,RANDOM,METAGENOMIC,human skin metagenome,ILLUMINA,2016-03-26T00:00:00Z,WBE048,SRP056821,Skin,mMetagenome,Not applicable,0.807,100.0,5810613.0,Skin
35,SRR988079,WGS,PRJNA219368,SAMN02354096,GEORGIA TECH,public,"fastq,sra","gs,ncbi,s3","gs.US,ncbi.public,s3.us-east-1",SRX352022,Illumina HiSeq 2000,PAIRED,unspecified,METAGENOMIC,soil metagenome,ILLUMINA,2015-07-22T00:00:00Z,C2,SRP029969,Sediment/Soil,mMetagenome,Not applicable,17.198,100.0,95040835.0,Sediment/Soil
36,SRR988096,WGS,PRJNA219368,SAMN02354096,GEORGIA TECH,public,sra,"gs,ncbi,s3","gs.US,ncbi.public,s3.us-east-1",SRX352026,Illumina HiSeq 2000,PAIRED,unspecified,METAGENOMIC,soil metagenome,ILLUMINA,2015-07-22T00:00:00Z,C2,SRP029969,Sediment/Soil,mMetagenome,Not applicable,17.160000000000004,100.0,95040835.0,Sediment/Soil
37,SRR988097,WGS,PRJNA219368,SAMN02354094,GEORGIA TECH,public,sra,"gs,ncbi,s3","gs.US,ncbi.public,s3.us-east-1",SRX352024,Illumina HiSeq 2000,PAIRED,unspecified,METAGENOMIC,soil metagenome,ILLUMINA,2015-07-22T00:00:00Z,C1.rep1,SRP029969,Sediment/Soil,mMetagenome,Not applicable,4.312,101.0,23571226.0,Sediment/Soil
38,SRR1923771,AMPLICON,PRJNA278873,SAMN03433817,INDIANA UNIVERSITY,public,"fastq,sra","gs,ncbi,s3","gs.US,ncbi.public,s3.us-east-1",SRX963822,454 GS FLX Titanium,SINGLE,PCR,METAGENOMIC,human skin metagenome,LS454,2015-03-23T00:00:00Z,s1r2.40B,SRP056364,Skin,mMetagenome,Not applicable,0.001,391.9,2202.0,Skin
39,SRR5892193,WGS,PRJNA396840,SAMN07440128,NTU,public,"fastq,sra","gs,ncbi,s3","gs.US,ncbi.public,s3.us-east-1",SRX3057964,Illumina HiSeq 2500,PAIRED,size fractionation,METAGENOMIC,human metagenome,ILLUMINA,2017-10-10T00:00:00Z,X4048DNA,SRP114751,Oral,mMetagenome,Saliva,2.128,245.25,5323647.0,mOral
40,SRR5892198,WGS,PRJNA396840,SAMN07440120,NTU,public,"fastq,sra","gs,ncbi,s3","gs.US,ncbi.public,s3.us-east-1",SRX3057959,Illumina HiSeq 2500,PAIRED,size fractionation,METAGENOMIC,human metagenome,ILLUMINA,2017-10-10T00:00:00Z,X4014DNA,SRP114751,Oral,mMetagenome,Saliva,1.972,244.65,4906958.0,mOral
41,SRR5892215,WGS,PRJNA396840,SAMN07440133,NTU,public,"fastq,sra","gs,ncbi,s3","gs.US,ncbi.public,s3.us-east-1",SRX3057942,Illumina HiSeq 2500,PAIRED,size fractionation,METAGENOMIC,human metagenome,ILLUMINA,2017-10-10T00:00:00Z,X4068DNA,SRP114751,Oral,mMetagenome,Saliva,2.501,244.95,6212959.0,mOral
42,SRR1041261,WGA,PRJNA229882,SAMN02420383,THE OHIO STATE UNIVERSITY,public,"fastq,sra","gs,ncbi,s3","gs.US,ncbi.public,s3.us-east-1",SRX385635,Illumina HiSeq 2000,PAIRED,MDA,GENOMIC,Tannerella sp. oral taxon BU063 isolate Cell 6,ILLUMINA,2014-05-29T00:00:00Z,TannBU063.6,SRP033391,Oral,mMetagenome,Plaque,3.012,100.0,15810018.0,mOral
43,SRR988078,WGS,PRJNA219368,SAMN02354096,GEORGIA TECH,public,"fastq,sra","gs,ncbi,s3","gs.US,ncbi.public,s3.us-east-1",SRX352022,Illumina HiSeq 2000,PAIRED,unspecified,METAGENOMIC,soil metagenome,ILLUMINA,2015-07-22T00:00:00Z,C2,SRP029969,Sediment/Soil,mMetagenome,Not applicable,3.645,101.0,19905076.0,Sediment/Soil
44,SRR7687997,WGS,PRJNA471898,SAMN09715306,NISC,public,"fastq,sra","gs,ncbi,s3","gs.US,ncbi.public,s3.us-east-1",SRX4548360,Illumina HiSeq 2500,PAIRED,RANDOM,METAGENOMIC,human skin metagenome,ILLUMINA,2018-10-12T00:00:00Z,MET1775,SRP157584,Skin,mMetagenome,Not applicable,2.5,126.0,16588845.0,Skin
45,SRR7448290,WGS,PRJNA478018,SAMN09489426,J. CRAIG VENTER INSTITUTE,public,"fastq,sra","gs,ncbi,s3","gs.US,ncbi.public,s3.us-east-1",SRX4318852,NextSeq 500,PAIRED,RANDOM,METAGENOMIC,human oral metagenome,ILLUMINA,2018-06-28T00:00:00Z,Metagenome,SRP151559,Oral,mMetagenome,Saliva,6.272,149.8,33977611.0,mOral
46,SRR7448292,WGS,PRJNA478018,SAMN09489426,J. CRAIG VENTER INSTITUTE,public,"fastq,sra","gs,ncbi,s3","gs.US,ncbi.public,s3.us-east-1",SRX4318850,NextSeq 500,PAIRED,RANDOM,METAGENOMIC,human oral metagenome,ILLUMINA,2018-06-28T00:00:00Z,Metagenome,SRP151559,Oral,mMetagenome,Saliva,2.897,148.95,16188903.0,mOral
47,SRR7448294,WGS,PRJNA478018,SAMN09489426,J. CRAIG VENTER INSTITUTE,public,"fastq,sra","gs,ncbi,s3","gs.US,ncbi.public,s3.us-east-1",SRX4318848,NextSeq 500,PAIRED,RANDOM,METAGENOMIC,human oral metagenome,ILLUMINA,2018-06-28T00:00:00Z,Metagenome,SRP151559,Oral,mMetagenome,Saliva,3.4130000000000003,149.6,18614551.0,mOral
48,SRR7448312,WGS,PRJNA478018,SAMN09489426,J. CRAIG VENTER INSTITUTE,public,"fastq,sra","gs,ncbi,s3","gs.US,ncbi.public,s3.us-east-1",SRX4318830,NextSeq 500,PAIRED,RANDOM,METAGENOMIC,human oral metagenome,ILLUMINA,2018-06-28T00:00:00Z,Metagenome,SRP151559,Oral,mMetagenome,Saliva,4.997,149.8,27142636.0,mOral
49,SRR7992810,WGS,PRJNA471898,SAMN10173402,NISC,public,"fastq,sra","gs,ncbi,s3","gs.US,ncbi.public,s3.us-east-1",SRX4823838,Illumina HiSeq 2500,PAIRED,RANDOM,METAGENOMIC,human skin metagenome,ILLUMINA,2018-10-12T00:00:00Z,VRNA_221,SRP157584,Skin,mMetagenome,Not applicable,1.988,126.0,15142399.0,Skin
50,ERR1883418,WGS,PRJEB18629,SAMEA103911557,MPI EVOLUTIONARY ANTHROPOLOGY,public,"bam,sra","ena,gs,ncbi,s3","ena,gs.US,ncbi.public,s3.us-east-1",ERX1943919,Illumina HiSeq 2500,PAIRED,RANDOM,METAGENOMIC,sediment metagenome,ILLUMINA,2017-04-27T00:00:00Z,SAMEA103911557,ERP020575,Sediment/Soil,mMetagenome,Not applicable,0.6160000000000001,68.5,5303913.0,Sediment/Soil
51,ERR1883420,WGS,PRJEB18629,SAMEA103911559,MPI EVOLUTIONARY ANTHROPOLOGY,public,"bam,sra","ena,gs,ncbi,s3","ena,gs.US,ncbi.public,s3.us-east-1",ERX1943921,Illumina HiSeq 2500,PAIRED,RANDOM,METAGENOMIC,sediment metagenome,ILLUMINA,2017-04-27T00:00:00Z,SAMEA103911559,ERP020575,Sediment/Soil,mMetagenome,Not applicable,0.666,68.06666666666666,5926611.666666667,Sediment/Soil
52,ERR1883423,WGS,PRJEB18629,SAMEA103911562,MPI EVOLUTIONARY ANTHROPOLOGY,public,"bam,sra","ena,gs,ncbi,s3","ena,gs.US,ncbi.public,s3.us-east-1",ERX1943924,Illumina HiSeq 2500,PAIRED,RANDOM,METAGENOMIC,sediment metagenome,ILLUMINA,2017-04-27T00:00:00Z,SAMEA103911562,ERP020575,Sediment/Soil,mMetagenome,Not applicable,0.573,66.8,5184848.666666667,Sediment/Soil
53,ERR1883424,WGS,PRJEB18629,SAMEA103911563,MPI EVOLUTIONARY ANTHROPOLOGY,public,"bam,sra","ena,gs,ncbi,s3","ena,gs.US,ncbi.public,s3.us-east-1",ERX1943925,Illumina HiSeq 2500,PAIRED,RANDOM,METAGENOMIC,sediment metagenome,ILLUMINA,2017-04-27T00:00:00Z,SAMEA103911563,ERP020575,Sediment/Soil,mMetagenome,Not applicable,0.683,67.26666666666667,6158026.333333333,Sediment/Soil
54,ERR1883436,WGS,PRJEB18629,SAMEA103911575,MPI EVOLUTIONARY ANTHROPOLOGY,public,"bam,sra","ena,gs,ncbi,s3","ena,gs.US,ncbi.public,s3.us-east-1",ERX1943937,Illumina HiSeq 2500,PAIRED,RANDOM,METAGENOMIC,sediment metagenome,ILLUMINA,2017-04-27T00:00:00Z,SAMEA103911575,ERP020575,Sediment/Soil,mMetagenome,Not applicable,1.06,70.83333333333333,7099019.333333333,Sediment/Soil
55,ERR1883421,WGS,PRJEB18629,SAMEA103911560,MPI EVOLUTIONARY ANTHROPOLOGY,public,"bam,sra","ena,gs,ncbi,s3","ena,gs.US,ncbi.public,s3.us-east-1",ERX1943922,Illumina HiSeq 2500,PAIRED,RANDOM,METAGENOMIC,sediment metagenome,ILLUMINA,2017-04-27T00:00:00Z,SAMEA103911560,ERP020575,Sediment/Soil,mMetagenome,Not applicable,0.5690000000000001,66.43333333333334,5406357.666666667,Sediment/Soil
56,ERR1883422,WGS,PRJEB18629,SAMEA103911561,MPI EVOLUTIONARY ANTHROPOLOGY,public,"bam,sra","ena,gs,ncbi,s3","ena,gs.US,ncbi.public,s3.us-east-1",ERX1943923,Illumina HiSeq 2500,PAIRED,RANDOM,METAGENOMIC,sediment metagenome,ILLUMINA,2017-04-27T00:00:00Z,SAMEA103911561,ERP020575,Sediment/Soil,mMetagenome,Not applicable,0.555,62.63333333333333,6504439.333333333,Sediment/Soil
57,ERR671910,WGS,PRJEB7626,SAMEA3113585,BRAEMBL,public,"fastq,sra","ena,gs,ncbi,s3","ena,gs.US,ncbi.public,s3.us-east-1",ERX626888,Illumina HiSeq 2500,PAIRED,RANDOM,METAGENOMIC,soil metagenome,ILLUMINA,2015-01-28T00:00:00Z,SAMEA3113585,ERP008551,Sediment/Soil,mMetagenome,Not applicable,11.14,151.0,45526749.0,Sediment/Soil
58,ERR671913,WGS,PRJEB7626,SAMEA3113584,BRAEMBL,public,"fastq,sra","ena,gs,ncbi,s3","ena,gs.US,ncbi.public,s3.us-east-1",ERX626891,Illumina HiSeq 2500,PAIRED,RANDOM,METAGENOMIC,soil metagenome,ILLUMINA,2015-01-28T00:00:00Z,SAMEA3113584,ERP008551,Sediment/Soil,mMetagenome,Not applicable,9.378,151.0,38222533.0,Sediment/Soil
59,ERR671914,WGS,PRJEB7626,SAMEA3113583,BRAEMBL,public,"fastq,sra","ena,gs,ncbi,s3","ena,gs.US,ncbi.public,s3.us-east-1",ERX626892,Illumina HiSeq 2500,PAIRED,RANDOM,METAGENOMIC,soil metagenome,ILLUMINA,2015-01-28T00:00:00Z,SAMEA3113583,ERP008551,Sediment/Soil,mMetagenome,Not applicable,9.365,151.0,38594470.0,Sediment/Soil
60,ERR671916,WGS,PRJEB7626,SAMEA3113582,BRAEMBL,public,"fastq,sra","ena,gs,ncbi,s3","ena,gs.US,ncbi.public,s3.us-east-1",ERX626894,Illumina HiSeq 2500,PAIRED,RANDOM,METAGENOMIC,soil metagenome,ILLUMINA,2015-01-28T00:00:00Z,SAMEA3113582,ERP008551,Sediment/Soil,mMetagenome,Not applicable,10.767,151.0,44283033.0,Sediment/Soil
61,ERR671917,WGS,PRJEB7626,SAMEA3113582,BRAEMBL,public,"fastq,sra","ena,gs,ncbi,s3","ena,gs.US,ncbi.public,s3.us-east-1",ERX626895,Illumina HiSeq 2500,PAIRED,RANDOM,METAGENOMIC,soil metagenome,ILLUMINA,2015-01-28T00:00:00Z,SAMEA3113582,ERP008551,Sediment/Soil,mMetagenome,Not applicable,10.776,151.0,44330269.0,Sediment/Soil
62,ERR671922,WGS,PRJEB7626,SAMEA3113579,BRAEMBL,public,"fastq,sra","ena,gs,ncbi,s3","ena,gs.US,ncbi.public,s3.us-east-1",ERX626900,Illumina HiSeq 2500,PAIRED,RANDOM,METAGENOMIC,soil metagenome,ILLUMINA,2015-01-28T00:00:00Z,SAMEA3113579,ERP008551,Sediment/Soil,mMetagenome,Not applicable,11.471,151.0,48806409.0,Sediment/Soil
63,ERR671923,WGS,PRJEB7626,SAMEA3113579,BRAEMBL,public,"fastq,sra","ena,gs,ncbi,s3","ena,gs.US,ncbi.public,s3.us-east-1",ERX626901,Illumina HiSeq 2500,PAIRED,RANDOM,METAGENOMIC,soil metagenome,ILLUMINA,2015-01-28T00:00:00Z,SAMEA3113579,ERP008551,Sediment/Soil,mMetagenome,Not applicable,11.577,151.0,49186754.0,Sediment/Soil
64,ERR671925,WGS,PRJEB7626,SAMEA3113579,BRAEMBL,public,"fastq,sra","ena,gs,ncbi,s3","ena,gs.US,ncbi.public,s3.us-east-1",ERX626903,Illumina HiSeq 2500,PAIRED,RANDOM,METAGENOMIC,soil metagenome,ILLUMINA,2015-01-28T00:00:00Z,SAMEA3113579,ERP008551,Sediment/Soil,mMetagenome,Not applicable,9.468,151.0,38749707.0,Sediment/Soil
65,ERR671926,WGS,PRJEB7626,SAMEA3113578,BRAEMBL,public,"fastq,sra","ena,gs,ncbi,s3","ena,gs.US,ncbi.public,s3.us-east-1",ERX626904,Illumina HiSeq 2500,PAIRED,RANDOM,METAGENOMIC,soil metagenome,ILLUMINA,2015-01-28T00:00:00Z,SAMEA3113578,ERP008551,Sediment/Soil,mMetagenome,Not applicable,10.266,151.0,41778621.0,Sediment/Soil
66,ERR671927,WGS,PRJEB7626,SAMEA3113578,BRAEMBL,public,"fastq,sra","ena,gs,ncbi,s3","ena,gs.US,ncbi.public,s3.us-east-1",ERX626905,Illumina HiSeq 2500,PAIRED,RANDOM,METAGENOMIC,soil metagenome,ILLUMINA,2015-01-28T00:00:00Z,SAMEA3113578,ERP008551,Sediment/Soil,mMetagenome,Not applicable,10.294,151.0,42007670.0,Sediment/Soil
67,ERR671928,WGS,PRJEB7626,SAMEA3113578,BRAEMBL,public,"fastq,sra","ena,gs,ncbi","ena,gs.US,ncbi.public",ERX626906,Illumina HiSeq 2500,PAIRED,RANDOM,METAGENOMIC,soil metagenome,ILLUMINA,2015-01-28T00:00:00Z,SAMEA3113578,ERP008551,Sediment/Soil,mMetagenome,Not applicable,11.507,151.0,49576353.0,Sediment/Soil
68,ERR671929,WGS,PRJEB7626,SAMEA3113578,BRAEMBL,public,"fastq,sra","ena,gs,ncbi,s3","ena,gs.US,ncbi.public,s3.us-east-1",ERX626907,Illumina HiSeq 2500,PAIRED,RANDOM,METAGENOMIC,soil metagenome,ILLUMINA,2015-01-28T00:00:00Z,SAMEA3113578,ERP008551,Sediment/Soil,mMetagenome,Not applicable,11.601,151.0,49922132.0,Sediment/Soil
69,ERR671930,WGS,PRJEB7626,SAMEA3113577,BRAEMBL,public,"fastq,sra","ena,gs,ncbi,s3","ena,gs.US,ncbi.public,s3.us-east-1",ERX626908,Illumina HiSeq 2500,PAIRED,RANDOM,METAGENOMIC,soil metagenome,ILLUMINA,2015-01-28T00:00:00Z,SAMEA3113577,ERP008551,Sediment/Soil,mMetagenome,Not applicable,9.457,151.0,38146598.0,Sediment/Soil
70,ERR671931,WGS,PRJEB7626,SAMEA3113577,BRAEMBL,public,"fastq,sra","ena,gs,ncbi,s3","ena,gs.US,ncbi.public,s3.us-east-1",ERX626909,Illumina HiSeq 2500,PAIRED,RANDOM,METAGENOMIC,soil metagenome,ILLUMINA,2015-01-28T00:00:00Z,SAMEA3113577,ERP008551,Sediment/Soil,mMetagenome,Not applicable,9.505,151.0,38467394.0,Sediment/Soil
71,ERR671932,WGS,PRJEB7626,SAMEA3113576,BRAEMBL,public,"fastq,sra","ena,gs,ncbi,s3","ena,gs.US,ncbi.public,s3.us-east-1",ERX626910,Illumina HiSeq 2500,PAIRED,RANDOM,METAGENOMIC,soil metagenome,ILLUMINA,2015-01-28T00:00:00Z,SAMEA3113576,ERP008551,Sediment/Soil,mMetagenome,Not applicable,11.095,151.0,44657411.0,Sediment/Soil
72,ERR671934,WGS,PRJEB7626,SAMEA3113575,BRAEMBL,public,"fastq,sra","ena,gs,ncbi,s3","ena,gs.US,ncbi.public,s3.us-east-1",ERX626912,Illumina HiSeq 2500,PAIRED,RANDOM,METAGENOMIC,soil metagenome,ILLUMINA,2015-01-28T00:00:00Z,SAMEA3113575,ERP008551,Sediment/Soil,mMetagenome,Not applicable,10.669,151.0,45907496.0,Sediment/Soil
73,ERR671935,WGS,PRJEB7626,SAMEA3113575,BRAEMBL,public,"fastq,sra","ena,gs,ncbi,s3","ena,gs.US,ncbi.public,s3.us-east-1",ERX626913,Illumina HiSeq 2500,PAIRED,RANDOM,METAGENOMIC,soil metagenome,ILLUMINA,2015-01-28T00:00:00Z,SAMEA3113575,ERP008551,Sediment/Soil,mMetagenome,Not applicable,10.753,151.0,46203784.0,Sediment/Soil
74,ERR671936,WGS,PRJEB7626,SAMEA3113575,BRAEMBL,public,"fastq,sra","ena,gs,ncbi,s3","ena,gs.US,ncbi.public,s3.us-east-1",ERX626914,Illumina HiSeq 2500,PAIRED,RANDOM,METAGENOMIC,soil metagenome,ILLUMINA,2015-01-28T00:00:00Z,SAMEA3113575,ERP008551,Sediment/Soil,mMetagenome,Not applicable,11.233,151.0,45311845.0,Sediment/Soil
75,ERR671938,WGS,PRJEB7626,SAMEA3113574,BRAEMBL,public,"fastq,sra","ena,gs,ncbi,s3","ena,gs.US,ncbi.public,s3.us-east-1",ERX626916,Illumina HiSeq 2500,PAIRED,RANDOM,METAGENOMIC,soil metagenome,ILLUMINA,2015-01-28T00:00:00Z,SAMEA3113574,ERP008551,Sediment/Soil,mMetagenome,Not applicable,10.645,151.0,42722907.0,Sediment/Soil
76,ERR687883,WGS,PRJEB7626,SAMEA3113574,BRAEMBL,public,"fastq,sra","ena,gs,ncbi,s3","ena,gs.US,ncbi.public,s3.us-east-1",ERX632826,Illumina HiSeq 2500,PAIRED,RANDOM,METAGENOMIC,soil metagenome,ILLUMINA,2015-01-29T00:00:00Z,SAMEA3113574,ERP008551,Sediment/Soil,mMetagenome,Not applicable,10.657,151.0,43282474.0,Sediment/Soil
77,ERR687886,WGS,PRJEB7626,SAMEA3113576,BRAEMBL,public,"fastq,sra","ena,gs,ncbi,s3","ena,gs.US,ncbi.public,s3.us-east-1",ERX632829,Illumina HiSeq 2500,PAIRED,RANDOM,METAGENOMIC,soil metagenome,ILLUMINA,2015-01-29T00:00:00Z,SAMEA3113576,ERP008551,Sediment/Soil,mMetagenome,Not applicable,10.795,151.0,43961474.0,Sediment/Soil
78,ERR687887,WGS,PRJEB7626,SAMEA3113577,BRAEMBL,public,"fastq,sra","ena,gs,ncbi,s3","ena,gs.US,ncbi.public,s3.us-east-1",ERX632830,Illumina HiSeq 2500,PAIRED,RANDOM,METAGENOMIC,soil metagenome,ILLUMINA,2015-01-29T00:00:00Z,SAMEA3113577,ERP008551,Sediment/Soil,mMetagenome,Not applicable,9.194,151.0,37653295.0,Sediment/Soil
79,ERR687888,WGS,PRJEB7626,SAMEA3113577,BRAEMBL,public,"fastq,sra","ena,gs,ncbi,s3","ena,gs.US,ncbi.public,s3.us-east-1",ERX632831,Illumina HiSeq 2500,PAIRED,RANDOM,METAGENOMIC,soil metagenome,ILLUMINA,2015-01-29T00:00:00Z,SAMEA3113577,ERP008551,Sediment/Soil,mMetagenome,Not applicable,9.203,151.0,37691065.0,Sediment/Soil
80,ERR687889,WGS,PRJEB7626,SAMEA3113580,BRAEMBL,public,"fastq,sra","ena,gs,ncbi,s3","ena,gs.US,ncbi.public,s3.us-east-1",ERX632832,Illumina HiSeq 2500,PAIRED,RANDOM,METAGENOMIC,soil metagenome,ILLUMINA,2015-01-29T00:00:00Z,SAMEA3113580,ERP008551,Sediment/Soil,mMetagenome,Not applicable,10.456,151.0,41985333.0,Sediment/Soil
81,ERR687890,WGS,PRJEB7626,SAMEA3113580,BRAEMBL,public,"fastq,sra","ena,gs,ncbi,s3","ena,gs.US,ncbi.public,s3.us-east-1",ERX632833,Illumina HiSeq 2500,PAIRED,RANDOM,METAGENOMIC,soil metagenome,ILLUMINA,2015-01-29T00:00:00Z,SAMEA3113580,ERP008551,Sediment/Soil,mMetagenome,Not applicable,10.384,151.0,41871291.0,Sediment/Soil
82,ERR687892,WGS,PRJEB7626,SAMEA3113581,BRAEMBL,public,"fastq,sra","ena,gs,ncbi,s3","ena,gs.US,ncbi.public,s3.us-east-1",ERX632835,Illumina HiSeq 2500,PAIRED,RANDOM,METAGENOMIC,soil metagenome,ILLUMINA,2015-01-29T00:00:00Z,SAMEA3113581,ERP008551,Sediment/Soil,mMetagenome,Not applicable,10.347,151.0,41989449.0,Sediment/Soil
83,ERR687893,WGS,PRJEB7626,SAMEA3113582,BRAEMBL,public,"fastq,sra","ena,gs,ncbi,s3","ena,gs.US,ncbi.public,s3.us-east-1",ERX632836,Illumina HiSeq 2500,PAIRED,RANDOM,METAGENOMIC,soil metagenome,ILLUMINA,2015-01-29T00:00:00Z,SAMEA3113582,ERP008551,Sediment/Soil,mMetagenome,Not applicable,10.53,151.0,42385942.0,Sediment/Soil
84,ERR687895,WGS,PRJEB7626,SAMEA3113583,BRAEMBL,public,"fastq,sra","ena,gs,ncbi,s3","ena,gs.US,ncbi.public,s3.us-east-1",ERX632838,Illumina HiSeq 2500,PAIRED,RANDOM,METAGENOMIC,soil metagenome,ILLUMINA,2015-01-29T00:00:00Z,SAMEA3113583,ERP008551,Sediment/Soil,mMetagenome,Not applicable,9.217,151.0,37262580.0,Sediment/Soil
85,ERR687896,WGS,PRJEB7626,SAMEA3113583,BRAEMBL,public,"fastq,sra","ena,gs,ncbi,s3","ena,gs.US,ncbi.public,s3.us-east-1",ERX632839,Illumina HiSeq 2500,PAIRED,RANDOM,METAGENOMIC,soil metagenome,ILLUMINA,2015-01-29T00:00:00Z,SAMEA3113583,ERP008551,Sediment/Soil,mMetagenome,Not applicable,9.176,151.0,37249680.0,Sediment/Soil
86,ERR687897,WGS,PRJEB7626,SAMEA3113585,BRAEMBL,public,"fastq,sra","ena,gs,ncbi,s3","ena,gs.US,ncbi.public,s3.us-east-1",ERX632840,Illumina HiSeq 2500,PAIRED,RANDOM,METAGENOMIC,soil metagenome,ILLUMINA,2015-01-29T00:00:00Z,SAMEA3113585,ERP008551,Sediment/Soil,mMetagenome,Not applicable,11.58,151.0,46392079.0,Sediment/Soil
87,ERR450847,AMPLICON,PRJEB5758,SAMEA2393333,CCME-COLORADO,public,"fastq,sra","ena,gs,ncbi,s3","ena,gs.US,ncbi.public,s3.us-east-1",ERX417219,unspecified,SINGLE,PCR,METAGENOMIC,human skin metagenome,ILLUMINA,2014-06-07T00:00:00Z,SAMEA2393333,ERP005182,Skin,mMetagenome,Not applicable,0.001,97.7,13393.0,Skin
88,ERR450859,AMPLICON,PRJEB5758,SAMEA2393345,CCME-COLORADO,public,"fastq,sra","ena,gs,ncbi,s3","ena,gs.US,ncbi.public,s3.us-east-1",ERX417231,unspecified,SINGLE,PCR,METAGENOMIC,human skin metagenome,ILLUMINA,2014-06-07T00:00:00Z,SAMEA2393345,ERP005182,Skin,mMetagenome,Not applicable,0.001,99.3,6.0,Skin
89,ERR450893,AMPLICON,PRJEB5758,SAMEA2393379,CCME-COLORADO,public,"fastq,sra","ena,gs,ncbi,s3","ena,gs.US,ncbi.public,s3.us-east-1",ERX417265,unspecified,SINGLE,PCR,METAGENOMIC,human skin metagenome,ILLUMINA,2014-06-07T00:00:00Z,SAMEA2393379,ERP005182,Skin,mMetagenome,Not applicable,0.001,99.2,15028.0,Skin
90,ERR450898,AMPLICON,PRJEB5758,SAMEA2393384,CCME-COLORADO,public,"fastq,sra","ena,gs,ncbi,s3","ena,gs.US,ncbi.public,s3.us-east-1",ERX417270,unspecified,SINGLE,PCR,METAGENOMIC,human skin metagenome,ILLUMINA,2014-06-07T00:00:00Z,SAMEA2393384,ERP005182,Skin,mMetagenome,Not applicable,0.005,99.6,91151.0,Skin
91,ERR450946,AMPLICON,PRJEB5758,SAMEA2393432,CCME-COLORADO,public,"fastq,sra","ena,gs,ncbi,s3","ena,gs.US,ncbi.public,s3.us-east-1",ERX417318,unspecified,SINGLE,PCR,METAGENOMIC,human skin metagenome,ILLUMINA,2014-06-07T00:00:00Z,SAMEA2393432,ERP005182,Skin,mMetagenome,Not applicable,0.003,98.9,33993.0,Skin
92,ERR450967,AMPLICON,PRJEB5758,SAMEA2393453,CCME-COLORADO,public,"fastq,sra","ena,gs,ncbi,s3","ena,gs.US,ncbi.public,s3.us-east-1",ERX417339,unspecified,SINGLE,PCR,METAGENOMIC,human skin metagenome,ILLUMINA,2014-06-07T00:00:00Z,SAMEA2393453,ERP005182,Skin,mMetagenome,Not applicable,0.004,99.2,53423.0,Skin
93,ERR451187,AMPLICON,PRJEB5758,SAMEA2393673,CCME-COLORADO,public,"fastq,sra","ena,gs,ncbi,s3","ena,gs.US,ncbi.public,s3.us-east-1",ERX417559,unspecified,SINGLE,PCR,METAGENOMIC,human skin metagenome,ILLUMINA,2014-06-07T00:00:00Z,SAMEA2393673,ERP005182,Skin,mMetagenome,Not applicable,0.002,99.2,24060.0,Skin
94,ERR451220,AMPLICON,PRJEB5758,SAMEA2393706,CCME-COLORADO,public,"fastq,sra","ena,gs,ncbi,s3","ena,gs.US,ncbi.public,s3.us-east-1",ERX417592,unspecified,SINGLE,PCR,METAGENOMIC,human skin metagenome,ILLUMINA,2014-06-07T00:00:00Z,SAMEA2393706,ERP005182,Skin,mMetagenome,Not applicable,0.001,92.4,8580.0,Skin
95,ERR451258,AMPLICON,PRJEB5758,SAMEA2393744,CCME-COLORADO,public,"fastq,sra","ena,gs,ncbi,s3","ena,gs.US,ncbi.public,s3.us-east-1",ERX417630,unspecified,SINGLE,PCR,METAGENOMIC,human skin metagenome,ILLUMINA,2014-06-07T00:00:00Z,SAMEA2393744,ERP005182,Skin,mMetagenome,Not applicable,0.003,98.0,31900.0,Skin
96,ERR451393,AMPLICON,PRJEB5758,SAMEA2393879,CCME-COLORADO,public,"fastq,sra","ena,gs,ncbi,s3","ena,gs.US,ncbi.public,s3.us-east-1",ERX417765,unspecified,SINGLE,PCR,METAGENOMIC,human skin metagenome,ILLUMINA,2014-06-07T00:00:00Z,SAMEA2393879,ERP005182,Skin,mMetagenome,Not applicable,0.006,99.2,81509.0,Skin
97,ERR451424,AMPLICON,PRJEB5758,SAMEA2393910,CCME-COLORADO,public,"fastq,sra","ena,gs,ncbi,s3","ena,gs.US,ncbi.public,s3.us-east-1",ERX417796,unspecified,SINGLE,PCR,METAGENOMIC,human skin metagenome,ILLUMINA,2014-06-07T00:00:00Z,SAMEA2393910,ERP005182,Skin,mMetagenome,Not applicable,0.004,99.3,54682.0,Skin
98,ERR451456,AMPLICON,PRJEB5758,SAMEA2393942,CCME-COLORADO,public,"fastq,sra","ena,gs,ncbi,s3","ena,gs.US,ncbi.public,s3.us-east-1",ERX417828,unspecified,SINGLE,PCR,METAGENOMIC,human skin metagenome,ILLUMINA,2014-06-07T00:00:00Z,SAMEA2393942,ERP005182,Skin,mMetagenome,Not applicable,0.002,98.5,23690.0,Skin
99,ERR451468,AMPLICON,PRJEB5758,SAMEA2393954,CCME-COLORADO,public,"fastq,sra","ena,gs,ncbi,s3","ena,gs.US,ncbi.public,s3.us-east-1",ERX417840,unspecified,SINGLE,PCR,METAGENOMIC,human skin metagenome,ILLUMINA,2014-06-07T00:00:00Z,SAMEA2393954,ERP005182,Skin,mMetagenome,Not applicable,0.004,99.4,59839.0,Skin
100,ERR451520,AMPLICON,PRJEB5758,SAMEA2394006,CCME-COLORADO,public,"fastq,sra","ena,gs,ncbi,s3","ena,gs.US,ncbi.public,s3.us-east-1",ERX417892,unspecified,SINGLE,PCR,METAGENOMIC,human skin metagenome,ILLUMINA,2014-06-07T00:00:00Z,SAMEA2394006,ERP005182,Skin,mMetagenome,Not applicable,0.002,93.2,17122.0,Skin
101,ERR451536,AMPLICON,PRJEB5758,SAMEA2394022,CCME-COLORADO,public,"fastq,sra","ena,gs,ncbi,s3","ena,gs.US,ncbi.public,s3.us-east-1",ERX417908,unspecified,SINGLE,PCR,METAGENOMIC,human skin metagenome,ILLUMINA,2014-06-07T00:00:00Z,SAMEA2394022,ERP005182,Skin,mMetagenome,Not applicable,0.001,96.7,10948.0,Skin
102,ERR450705,AMPLICON,PRJEB5758,SAMEA2393191,CCME-COLORADO,public,"fastq,sra","ena,gs,ncbi,s3","ena,gs.US,ncbi.public,s3.us-east-1",ERX417077,unspecified,SINGLE,PCR,METAGENOMIC,human skin metagenome,ILLUMINA,2014-06-07T00:00:00Z,SAMEA2393191,ERP005182,Skin,mMetagenome,Not applicable,0.001,98.9,12457.0,Skin
103,SRR3586059,WGS,PRJEB4953,SAMN05172415,SECOND GENOME,public,"fastq,sra","gs,ncbi,s3","gs.US,ncbi.public,s3.us-east-1",SRX1799461,Illumina HiSeq 1000,PAIRED,RANDOM,METAGENOMIC,human oral metagenome,ILLUMINA,2016-05-30T00:00:00Z,p156N,ERP004294,Oral,mMetagenome,Gums,3.127,101.0,16735210.0,mOral
104,SRR3586060,WGS,PRJEB4953,SAMN05172416,SECOND GENOME,public,"fastq,sra","gs,ncbi,s3","gs.US,ncbi.public,s3.us-east-1",SRX1799462,Illumina HiSeq 1000,PAIRED,RANDOM,METAGENOMIC,human oral metagenome,ILLUMINA,2016-05-30T00:00:00Z,p156C,ERP004294,Oral,mMetagenome,Gums,9.228,101.0,47986616.0,mOral
105,SRR3586063,WGS,PRJEB4953,SAMN05172417,SECOND GENOME,public,"fastq,sra","gs,ncbi,s3","gs.US,ncbi.public,s3.us-east-1",SRX1799465,Illumina HiSeq 1000,PAIRED,RANDOM,METAGENOMIC,human oral metagenome,ILLUMINA,2016-05-30T00:00:00Z,p153N,ERP004294,Oral,mMetagenome,Tongue,2.458,101.0,12545392.0,mOral
106,SRR3586064,WGS,PRJEB4953,SAMN05172418,SECOND GENOME,public,"fastq,sra","gs,ncbi,s3","gs.US,ncbi.public,s3.us-east-1",SRX1799466,Illumina HiSeq 1000,PAIRED,RANDOM,METAGENOMIC,human oral metagenome,ILLUMINA,2016-05-30T00:00:00Z,p153C,ERP004294,Oral,mMetagenome,Tongue,2.834,101.0,14935707.0,mOral
107,ERR1474586,WGS,PRJEB14383,SAMEA4031774,UCL,public,"fastq,sra","ena,gs,ncbi,s3","ena,gs.US,ncbi.public,s3.us-east-1",ERX1545723,Illumina HiSeq 2500,PAIRED,RANDOM PCR,METAGENOMIC,metagenome,ILLUMINA,2017-11-16T00:00:00Z,SAMEA4031774,ERP016024,Oral,mMetagenome,Saliva,6.975,89.25,40616282.0,mOral
108,ERR2004615,WGS,PRJEB21269,SAMEA104120072,"APPRECIATE THE BEAUTY OF LIFE, INC.",public,"fastq,sra","ena,gs,ncbi,s3","ena,gs.US,ncbi.public,s3.us-east-1",ERX2064380,NextSeq 500,PAIRED,size fractionation,METAGENOMIC,soil metagenome,ILLUMINA,2019-01-02T00:00:00Z,SAMEA104120072,ERP023502,Sediment/Soil,mMetagenome,Not applicable,4.947,151.0,23362989.0,Sediment/Soil
109,ERR3307046,WGS,PRJEB31185,SAMEA5591549,MPI SCIENCE OF HUMAN HIST,public,"fastq,sra","ena,gs,ncbi,s3","ena,gs.US,ncbi.public,s3.us-east-1",ERX3333071,NextSeq 500,PAIRED,RANDOM,GENOMIC,metagenome,ILLUMINA,2019-05-05T00:00:00Z,SAMEA5591549,ERP113706,Oral,mMetagenome,Not declared,6.038,76.0,53927712.0,mOral
110,ERR3307048,WGS,PRJEB31185,SAMEA5591551,MPI SCIENCE OF HUMAN HIST,public,"fastq,sra","ena,gs,ncbi,s3","ena,gs.US,ncbi.public,s3.us-east-1",ERX3333073,NextSeq 500,PAIRED,RANDOM,GENOMIC,metagenome,ILLUMINA,2019-05-05T00:00:00Z,SAMEA5591551,ERP113706,Oral,mMetagenome,Not declared,5.883000000000001,76.0,52819590.0,mOral
111,ERR3307049,WGS,PRJEB31185,SAMEA5591552,MPI SCIENCE OF HUMAN HIST,public,"fastq,sra","ena,gs,ncbi,s3","ena,gs.US,ncbi.public,s3.us-east-1",ERX3333074,NextSeq 500,PAIRED,RANDOM,GENOMIC,metagenome,ILLUMINA,2019-05-05T00:00:00Z,SAMEA5591552,ERP113706,Oral,mMetagenome,Not declared,5.598000000000001,76.0,49865920.0,mOral
112,ERR3307051,WGS,PRJEB31185,SAMEA5591554,MPI SCIENCE OF HUMAN HIST,public,"fastq,sra","ena,gs,ncbi,s3","ena,gs.US,ncbi.public,s3.us-east-1",ERX3333076,NextSeq 500,PAIRED,RANDOM,GENOMIC,metagenome,ILLUMINA,2019-05-05T00:00:00Z,SAMEA5591554,ERP113706,Oral,mMetagenome,Not declared,3.561,76.0,31295281.0,mOral
113,ERR3307052,WGS,PRJEB31185,SAMEA5591555,MPI SCIENCE OF HUMAN HIST,public,"fastq,sra","ena,gs,ncbi,s3","ena,gs.US,ncbi.public,s3.us-east-1",ERX3333077,NextSeq 500,PAIRED,RANDOM,GENOMIC,metagenome,ILLUMINA,2019-05-05T00:00:00Z,SAMEA5591555,ERP113706,Oral,mMetagenome,Not declared,6.042,76.0,53238754.0,mOral
114,ERR3307053,WGS,PRJEB31185,SAMEA5591556,MPI SCIENCE OF HUMAN HIST,public,"fastq,sra","ena,gs,ncbi,s3","ena,gs.US,ncbi.public,s3.us-east-1",ERX3333078,NextSeq 500,PAIRED,RANDOM,GENOMIC,metagenome,ILLUMINA,2019-05-05T00:00:00Z,SAMEA5591556,ERP113706,Oral,mMetagenome,Not declared,5.0920000000000005,76.0,45398636.0,mOral
115,ERR3579822,WGS,PRJEB34569,SAMEA5971645,MPI SCIENCE OF HUMAN HIST,public,"sra,fastq","gs,ncbi,s3","ncbi.public,s3.us-east-1,gs.US",ERX3577121,NextSeq 500,PAIRED,RANDOM,METAGENOMIC,Homo sapiens,ILLUMINA,2021-04-28T00:00:00Z,VLC004.A,ERP117493,Oral,mMetagenome,Calculus,5.333,98.05,43443020.0,mOral
116,ERR3579825,WGS,PRJEB34569,SAMEA5971648,MPI SCIENCE OF HUMAN HIST,public,"sra,fastq","gs,ncbi,s3","ncbi.public,s3.us-east-1,gs.US",ERX3577124,NextSeq 500,PAIRED,RANDOM,METAGENOMIC,Homo sapiens,ILLUMINA,2021-04-28T00:00:00Z,VLC009.A,ERP117493,Oral,mMetagenome,Calculus,4.423,107.45,33357115.0,mOral
117,ERR3579820,WGS,PRJEB34569,SAMEA5971643,MPI SCIENCE OF HUMAN HIST,public,"fastq,sra","gs,ncbi,s3","ncbi.public,s3.us-east-1,gs.US",ERX3577119,NextSeq 500,PAIRED,RANDOM,METAGENOMIC,Homo sapiens,ILLUMINA,2021-04-28T00:00:00Z,VLC002.A,ERP117493,Oral,mMetagenome,Calculus,1.826,91.25,15841120.0,mOral
118,SRR062083,WGS,PRJNA48479,SAMN00038663,BI,HMP,"sra,srf","gs,ncbi,s3","gs.US,ncbi.dbgap,ncbi.public,s3.us-east-1",SRX024695,Illumina Genome Analyzer II,PAIRED,RANDOM,METAGENOMIC,human metagenome,ILLUMINA,2010-08-09T00:00:00Z,700034178,SRP002163,Oral,mMetagenome,Plaque,4.01,101.0,25994107.0,mOral
119,SRR1804664,WGS,PRJNA48479,SAMN00036814,WUGSC,HMP,sra,"gs,ncbi,s3","gs.US,ncbi.dbgap,ncbi.public,s3.us-east-1",SRX877178,Illumina HiSeq 2000,PAIRED,unspecified,GENOMIC,human metagenome,ILLUMINA,2015-02-19T00:00:00Z,700024251,SRP002163,Oral,mMetagenome,Plaque,3.888,100.0,23738885.0,mOral
120,SRR3189411,WGS,PRJNA46333,SAMN04360124,NISC,public,"sra,unknown_contigs",ncbi,ncbi.public,SRX1601624,Illumina HiSeq 2000,PAIRED,RANDOM,METAGENOMIC,human skin metagenome,ILLUMINA,2016-05-01T00:00:00Z,MET0772,SRP002480,Skin,mMetagenome,Not applicable,2.813,101.0,13826170.0,Skin
121,SRR3189418,WGS,PRJNA46333,SAMN04360124,NISC,public,"sra,unknown_contigs","gs,ncbi,s3","gs.US,ncbi.public,s3.us-east-1",SRX1601624,Illumina HiSeq 2000,PAIRED,RANDOM,METAGENOMIC,human skin metagenome,ILLUMINA,2016-05-01T00:00:00Z,MET0772,SRP002480,Skin,mMetagenome,Not applicable,2.204,101.0,11536508.0,Skin
122,SRR3184100,WGS,PRJNA46333,SAMN04359892,NISC,public,"sra,unknown_contigs","gs,ncbi,s3","gs.US,ncbi.public,s3.us-east-1",SRX1597582,Illumina HiSeq 2000,PAIRED,RANDOM,METAGENOMIC,human skin metagenome,ILLUMINA,2016-05-01T00:00:00Z,MET0487,SRP002480,Skin,mMetagenome,Not applicable,2.7960000000000003,101.0,15338847.0,Skin
123,SRR1631064,WGS,PRJNA46333,SAMN03025571,NISC,public,sra,"gs,ncbi,s3","gs.US,ncbi.public,s3.us-east-1",SRX743731,Illumina HiSeq 2000,PAIRED,RANDOM,METAGENOMIC,human skin metagenome,ILLUMINA,2014-10-30T00:00:00Z,MET0207,SRP002480,Skin,mMetagenome,Not applicable,4.981,101.0,27378198.0,Skin
124,SRR1631061,WGS,PRJNA46333,SAMN03025571,NISC,public,sra,"gs,ncbi,s3","gs.US,ncbi.public,s3.us-east-1",SRX743731,Illumina HiSeq 2000,PAIRED,RANDOM,METAGENOMIC,human skin metagenome,ILLUMINA,2014-10-30T00:00:00Z,MET0207,SRP002480,Skin,mMetagenome,Not applicable,4.767,101.0,24812687.0,Skin
125,SRR1631063,WGS,PRJNA46333,SAMN03025571,NISC,public,sra,"gs,ncbi,s3","gs.US,ncbi.public,s3.us-east-1",SRX743731,Illumina HiSeq 2000,PAIRED,RANDOM,METAGENOMIC,human skin metagenome,ILLUMINA,2014-10-30T00:00:00Z,MET0207,SRP002480,Skin,mMetagenome,Not applicable,4.939,101.0,27215176.0,Skin
126,SRR2096701,WGS,PRJNA46333,SAMN03840426,NISC,public,sra,"gs,ncbi,s3","gs.US,ncbi.public,s3.us-east-1",SRX1091795,Illumina HiSeq 2000,PAIRED,RANDOM,METAGENOMIC,human skin metagenome,ILLUMINA,2016-02-23T00:00:00Z,MET0340,SRP002480,Skin,mMetagenome,Not applicable,0.053,101.0,284132.0,Skin
127,SRR2096705,WGS,PRJNA46333,SAMN03840426,NISC,public,sra,"gs,ncbi,s3","gs.US,ncbi.public,s3.us-east-1",SRX1091795,Illumina HiSeq 2000,PAIRED,RANDOM,METAGENOMIC,human skin metagenome,ILLUMINA,2016-02-23T00:00:00Z,MET0340,SRP002480,Skin,mMetagenome,Not applicable,0.074,101.0,423431.0,Skin
128,SRR2096706,WGS,PRJNA46333,SAMN03840426,NISC,public,sra,"gs,ncbi,s3","gs.US,ncbi.public,s3.us-east-1",SRX1091795,Illumina HiSeq 2000,PAIRED,RANDOM,METAGENOMIC,human skin metagenome,ILLUMINA,2016-02-23T00:00:00Z,MET0340,SRP002480,Skin,mMetagenome,Not applicable,0.068,101.0,394161.0,Skin
129,SRR2096707,WGS,PRJNA46333,SAMN03840426,NISC,public,sra,"gs,ncbi,s3","gs.US,ncbi.public,s3.us-east-1",SRX1091795,Illumina HiSeq 2000,PAIRED,RANDOM,METAGENOMIC,human skin metagenome,ILLUMINA,2016-02-23T00:00:00Z,MET0340,SRP002480,Skin,mMetagenome,Not applicable,0.103,101.0,534717.0,Skin
130,SRR2096709,WGS,PRJNA46333,SAMN03840426,NISC,public,sra,"gs,ncbi,s3","gs.US,ncbi.public,s3.us-east-1",SRX1091795,Illumina HiSeq 2000,PAIRED,RANDOM,METAGENOMIC,human skin metagenome,ILLUMINA,2016-02-23T00:00:00Z,MET0340,SRP002480,Skin,mMetagenome,Not applicable,0.099,101.0,518289.0,Skin
131,SRR061192,WGS,PRJNA48479,SAMN00071939,WUGSC,HMP,"fastq,sra","gs,ncbi,s3","gs.US,ncbi.dbgap,ncbi.public,s3.us-east-1",SRX024009,Illumina Genome Analyzer II,PAIRED,RANDOM,METAGENOMIC,human metagenome,ILLUMINA,2010-07-29T00:00:00Z,700106818,SRP002163,Oral,mMetagenome,Plaque,3.2060000000000004,100.0,23940307.0,mOral
132,SRR061320,WGS,PRJNA48479,SAMN00035796,WUGSC,HMP,"fastq,sra","gs,ncbi,s3","gs.US,ncbi.dbgap,ncbi.public,s3.us-east-1",SRX024061,Illumina Genome Analyzer II,PAIRED,RANDOM,METAGENOMIC,human metagenome,ILLUMINA,2010-07-29T00:00:00Z,700023232,SRP002163,Oral,mMetagenome,Plaque,3.0650000000000004,100.0,24580676.0,mOral
133,SRR061365,WGS,PRJNA48479,SAMN00036281,WUGSC,HMP,"fastq,sra","gs,ncbi,s3","gs.US,ncbi.dbgap,ncbi.public,s3.us-east-1",SRX024107,Illumina Genome Analyzer II,PAIRED,RANDOM,METAGENOMIC,human metagenome,ILLUMINA,2010-07-29T00:00:00Z,700023718,SRP002163,Oral,mMetagenome,Plaque,3.962,100.0,27803377.0,mOral
134,SRR061562,WGS,PRJNA48479,SAMN00039883,WUGSC,HMP,sra,"gs,ncbi,s3","gs.US,ncbi.dbgap,ncbi.public,s3.us-east-1",SRX024200,Illumina Genome Analyzer II,PAIRED,RANDOM,METAGENOMIC,human metagenome,ILLUMINA,2010-08-14T00:00:00Z,700037132,SRP002163,Oral,mMetagenome,Plaque,4.393000000000001,100.0,27527393.0,mOral
135,SRR062298,WGS,PRJNA48479,SAMN00040247,WUGSC,HMP,sra,"gs,ncbi,s3","gs.US,ncbi.dbgap,ncbi.public,s3.us-east-1",SRX024882,Illumina Genome Analyzer II,PAIRED,RANDOM,METAGENOMIC,human metagenome,ILLUMINA,2010-08-14T00:00:00Z,700037500,SRP002163,Oral,mMetagenome,Plaque,2.458,100.0,30336715.0,mOral
136,SRR063517,WGS,PRJNA48479,SAMN00067109,WUGSC,HMP,sra,"gs,ncbi,s3","gs.US,ncbi.dbgap,ncbi.public,s3.us-east-1",SRX025197,Illumina Genome Analyzer II,PAIRED,RANDOM,METAGENOMIC,human metagenome,ILLUMINA,2010-08-26T00:00:00Z,700106866,SRP002163,Oral,mMetagenome,Plaque,3.399,100.0,26679454.0,mOral
137,SRR512767,WGS,PRJNA48479,SAMN00095345,WUGSC,HMP,sra,"gs,ncbi,s3","gs.US,ncbi.dbgap,ncbi.public,s3.us-east-1",SRX154058,Illumina HiSeq 2000,PAIRED,unspecified,METAGENOMIC,human metagenome,ILLUMINA,2012-06-12T00:00:00Z,700117935,SRP002163,Oral,mMetagenome,Plaque,7.367,100.0,50103449.0,mOral
138,SRR513165,WGS,PRJNA48479,SAMN00147374,WUGSC,HMP,sra,"gs,ncbi,s3","gs.US,ncbi.dbgap,ncbi.public,s3.us-east-1",SRX154189,Illumina HiSeq 2000,PAIRED,unspecified,METAGENOMIC,human metagenome,ILLUMINA,2012-06-13T00:00:00Z,700172459,SRP002163,Oral,mMetagenome,Plaque,3.0540000000000003,100.0,42829754.0,mOral
139,SRR513768,WGS,PRJNA48479,SAMN00094392,WUGSC,HMP,sra,"gs,ncbi,s3","gs.US,ncbi.dbgap,ncbi.public,s3.us-east-1",SRX154089,Illumina HiSeq 2000,PAIRED,unspecified,METAGENOMIC,human metagenome,ILLUMINA,2012-06-19T00:00:00Z,700116982,SRP002163,Oral,mMetagenome,Plaque,6.26,100.0,83608089.0,mOral
140,SRR514202,WGS,PRJNA48479,SAMN00142253,WUGSC,HMP,sra,"gs,ncbi,s3","gs.US,ncbi.dbgap,ncbi.public,s3.us-east-1",SRX153945,Illumina HiSeq 2000,PAIRED,unspecified,METAGENOMIC,human metagenome,ILLUMINA,2012-06-19T00:00:00Z,700164305,SRP002163,Oral,mMetagenome,Plaque,4.09,100.0,107626925.0,mOral
141,SRR514239,WGS,PRJNA48479,SAMN00147507,WUGSC,HMP,sra,"gs,ncbi,s3","gs.US,ncbi.dbgap,ncbi.public,s3.us-east-1",SRX154215,Illumina HiSeq 2000,PAIRED,unspecified,METAGENOMIC,human metagenome,ILLUMINA,2012-06-19T00:00:00Z,700172592,SRP002163,Oral,mMetagenome,Plaque,4.348000000000001,100.0,84188532.0,mOral
142,SRR514306,WGS,PRJNA48479,SAMN00142979,WUGSC,HMP,sra,"gs,ncbi,s3","gs.US,ncbi.dbgap,ncbi.public,s3.us-east-1",SRX154022,Illumina HiSeq 2000,PAIRED,unspecified,METAGENOMIC,human metagenome,ILLUMINA,2012-06-19T00:00:00Z,700165034,SRP002163,Oral,mMetagenome,Plaque,5.886,100.0,53183816.0,mOral
143,SRR514329,WGS,PRJNA48479,SAMN00087479,WUGSC,HMP,sra,"gs,ncbi,s3","gs.US,ncbi.dbgap,ncbi.public,s3.us-east-1",SRX154024,Illumina HiSeq 2000,PAIRED,unspecified,METAGENOMIC,human metagenome,ILLUMINA,2012-06-19T00:00:00Z,700116588,SRP002163,Oral,mMetagenome,Plaque,5.346,100.0,82756102.0,mOral
144,SRR988082,WGS,PRJNA219368,SAMN02354108,GEORGIA TECH,public,"fastq,sra","gs,ncbi,s3","gs.US,ncbi.public,s3.us-east-1",SRX352040,Illumina HiSeq 2000,PAIRED,unspecified,METAGENOMIC,soil metagenome,ILLUMINA,2015-07-22T00:00:00Z,T6,SRP029969,Sediment/Soil,mMetagenome,Not applicable,10.303,101.0,56722675.0,Sediment/Soil
145,SRR988087,WGS,PRJNA219368,SAMN02354104,GEORGIA TECH,public,"fastq,sra","gs,ncbi,s3","gs.US,ncbi.public,s3.us-east-1",SRX352036,Illumina HiSeq 2000,PAIRED,unspecified,METAGENOMIC,soil metagenome,ILLUMINA,2015-07-22T00:00:00Z,T3,SRP029969,Sediment/Soil,mMetagenome,Not applicable,9.453,101.0,51957318.0,Sediment/Soil
146,SRR988089,WGS,PRJNA219368,SAMN02354102,GEORGIA TECH,public,"fastq,sra","gs,ncbi,s3","gs.US,ncbi.public,s3.us-east-1",SRX352034,Illumina HiSeq 2000,PAIRED,unspecified,METAGENOMIC,soil metagenome,ILLUMINA,2015-07-22T00:00:00Z,T1,SRP029969,Sediment/Soil,mMetagenome,Not applicable,9.726,101.0,53519903.0,Sediment/Soil
147,SRR988090,WGS,PRJNA219368,SAMN02354101,GEORGIA TECH,public,"fastq,sra","gs,ncbi,s3","gs.US,ncbi.public,s3.us-east-1",SRX352031,Illumina HiSeq 2000,PAIRED,unspecified,METAGENOMIC,soil metagenome,ILLUMINA,2015-07-22T00:00:00Z,C6,SRP029969,Sediment/Soil,mMetagenome,Not applicable,16.046,100.0,88140175.0,Sediment/Soil
148,SRR988091,WGS,PRJNA219368,SAMN02354100,GEORGIA TECH,public,"fastq,sra","gs,ncbi,s3","gs.US,ncbi.public,s3.us-east-1",SRX352030,Illumina HiSeq 2000,PAIRED,unspecified,METAGENOMIC,soil metagenome,ILLUMINA,2015-07-22T00:00:00Z,C5,SRP029969,Sediment/Soil,mMetagenome,Not applicable,12.275,100.0,67447483.0,Sediment/Soil
149,SRR988092,WGS,PRJNA219368,SAMN02354099,GEORGIA TECH,public,"fastq,sra","gs,ncbi,s3","gs.US,ncbi.public,s3.us-east-1",SRX352029,Illumina HiSeq 2000,PAIRED,unspecified,METAGENOMIC,soil metagenome,ILLUMINA,2015-07-22T00:00:00Z,C4,SRP029969,Sediment/Soil,mMetagenome,Not applicable,13.586,100.0,75181337.0,Sediment/Soil
150,SRR988094,WGS,PRJNA219368,SAMN02354097,GEORGIA TECH,public,"fastq,sra","gs,ncbi,s3","gs.US,ncbi.public,s3.us-east-1",SRX352027,Illumina HiSeq 2000,PAIRED,unspecified,METAGENOMIC,soil metagenome,ILLUMINA,2015-07-22T00:00:00Z,C3.rep1,SRP029969,Sediment/Soil,mMetagenome,Not applicable,8.812999999999999,100.0,48316398.0,Sediment/Soil
151,SRR1519031,WGS,PRJNA255439,SAMN02919193,THE GEORGE WASHINGTON UNIVERSITY,public,"fastq,sra","gs,ncbi,s3","gs.US,ncbi.public,s3.us-east-1",SRX656232,Illumina HiSeq 2000,SINGLE,RANDOM,METAGENOMIC,human metagenome,ILLUMINA,2014-10-22T00:00:00Z,ES 099,SRP044400,Oral,mMetagenome,Not declared,3.904,,,mOral
152,SRR1519044,WGS,PRJNA255439,SAMN02919194,THE GEORGE WASHINGTON UNIVERSITY,public,"fastq,sra","gs,ncbi,s3","gs.US,ncbi.public,s3.us-east-1",SRX656233,Illumina HiSeq 2000,SINGLE,RANDOM,METAGENOMIC,human metagenome,ILLUMINA,2014-10-22T00:00:00Z,ES 104,SRP044400,Oral,mMetagenome,Not declared,3.207,,,mOral
153,SRR1519046,WGS,PRJNA255439,SAMN02919196,THE GEORGE WASHINGTON UNIVERSITY,public,"fastq,sra","gs,ncbi,s3","gs.US,ncbi.public,s3.us-east-1",SRX656247,Illumina HiSeq 2000,SINGLE,RANDOM,METAGENOMIC,human metagenome,ILLUMINA,2014-10-22T00:00:00Z,ES 107,SRP044400,Oral,mMetagenome,Not declared,4.683,101.0,51343041.0,mOral
154,SRR1519048,WGS,PRJNA255439,SAMN02919198,THE GEORGE WASHINGTON UNIVERSITY,public,"fastq,sra","gs,ncbi,s3","gs.US,ncbi.public,s3.us-east-1",SRX656249,Illumina HiSeq 2000,SINGLE,RANDOM,METAGENOMIC,human metagenome,ILLUMINA,2014-10-22T00:00:00Z,ES 114,SRP044400,Oral,mMetagenome,Not declared,3.549,101.0,41257060.0,mOral
155,SRR1519049,WGS,PRJNA255439,SAMN02919199,THE GEORGE WASHINGTON UNIVERSITY,public,"fastq,sra","gs,ncbi,s3","gs.US,ncbi.public,s3.us-east-1",SRX656250,Illumina HiSeq 2000,SINGLE,RANDOM,METAGENOMIC,human metagenome,ILLUMINA,2014-10-22T00:00:00Z,ES 158,SRP044400,Oral,mMetagenome,Not declared,4.6080000000000005,101.0,51350540.0,mOral
156,SRR1519050,WGS,PRJNA255439,SAMN02919200,THE GEORGE WASHINGTON UNIVERSITY,public,"fastq,sra","gs,ncbi,s3","gs.US,ncbi.public,s3.us-east-1",SRX656251,Illumina HiSeq 2000,SINGLE,RANDOM,METAGENOMIC,human metagenome,ILLUMINA,2014-10-22T00:00:00Z,ES 207,SRP044400,Oral,mMetagenome,Not declared,3.498,101.0,37126527.0,mOral
157,SRR2240834,WGS,PRJNA275349,SAMN03351547,JCVI,public,"sra,unknown_contigs",ncbi,ncbi.public,SRX1182816,Illumina HiSeq 2000,PAIRED,RANDOM,METAGENOMIC,human metagenome,ILLUMINA,2015-09-08T00:00:00Z,700122152_zo7_G_DNA_Supragingival_plaque,SRP056641,Oral,mMetagenome,Plaque,3.751,101.0,28592053.0,mOral
158,SRR1952513,WGS,PRJNA275349,SAMN03351702,JCVI,public,"sra,unknown_contigs",ncbi,ncbi.public,SRX978446,Illumina HiSeq 2000,PAIRED,RANDOM,METAGENOMIC,human metagenome,ILLUMINA,2015-04-09T00:00:00Z,700172125_zo7_G_DNA_Supragingival_plaque,SRP056641,Oral,mMetagenome,Plaque,3.752,101.0,32056125.0,mOral
159,SRR1952567,WGS,PRJNA275349,SAMN03351598,JCVI,public,"fastq,sra","gs,ncbi,s3","gs.US,ncbi.public,s3.us-east-1",SRX978494,Illumina HiSeq 2000,PAIRED,RANDOM,METAGENOMIC,human metagenome,ILLUMINA,2015-04-09T00:00:00Z,700161427_zo7_G_DNA_Supragingival_plaque,SRP056641,Oral,mMetagenome,Plaque,4.1370000000000005,101.0,32453927.0,mOral
160,SRR1952623,WGS,PRJNA275349,SAMN03351593,JCVI,public,"fastq,sra","gs,ncbi,s3","gs.US,ncbi.public,s3.us-east-1",SRX978550,Illumina HiSeq 2000,PAIRED,RANDOM,METAGENOMIC,human metagenome,ILLUMINA,2015-04-09T00:00:00Z,700161335_zo7_G_DNA_Supragingival_plaque,SRP056641,Oral,mMetagenome,Plaque,5.441,101.0,42484177.0,mOral
161,SRR1950689,WGS,PRJNA277905,SAMN03398503,GENOME INSTITRUTE OF SINGAPORE,public,"fastq,sra","gs,ncbi,s3","gs.US,ncbi.public,s3.us-east-1",SRX976938,Illumina HiSeq 2000,PAIRED,RANDOM,METAGENOMIC,human skin metagenome,ILLUMINA,2016-03-26T00:00:00Z,WBS009,SRP056821,Skin,mMetagenome,Not applicable,1.245,100.0,9186682.0,Skin
162,SRR1950701,WGS,PRJNA277905,SAMN03398515,GENOME INSTITRUTE OF SINGAPORE,public,"fastq,sra","gs,ncbi,s3","gs.US,ncbi.public,s3.us-east-1",SRX976950,Illumina HiSeq 2000,PAIRED,RANDOM,METAGENOMIC,human skin metagenome,ILLUMINA,2016-03-26T00:00:00Z,WOS012,SRP056821,Skin,mMetagenome,Not applicable,0.875,100.0,6047181.0,Skin
163,SRR1950711,WGS,PRJNA277905,SAMN03398525,GENOME INSTITRUTE OF SINGAPORE,public,"fastq,sra","gs,ncbi,s3","gs.US,ncbi.public,s3.us-east-1",SRX976960,Illumina HiSeq 2000,PAIRED,RANDOM,METAGENOMIC,human skin metagenome,ILLUMINA,2016-03-26T00:00:00Z,WOS019,SRP056821,Skin,mMetagenome,Not applicable,1.1110000000000002,100.0,7966596.0,Skin
164,SRR1950729,WGS,PRJNA277905,SAMN03398543,GENOME INSTITRUTE OF SINGAPORE,public,"fastq,sra","gs,ncbi,s3","gs.US,ncbi.public,s3.us-east-1",SRX976978,Illumina HiSeq 2000,PAIRED,RANDOM,METAGENOMIC,human skin metagenome,ILLUMINA,2016-03-26T00:00:00Z,WBU007,SRP056821,Skin,mMetagenome,Not applicable,0.77,100.0,5702657.0,Skin
165,SRR1950730,WGS,PRJNA277905,SAMN03398544,GENOME INSTITRUTE OF SINGAPORE,public,"fastq,sra","gs,ncbi,s3","gs.US,ncbi.public,s3.us-east-1",SRX976979,Illumina HiSeq 2000,PAIRED,RANDOM,METAGENOMIC,human skin metagenome,ILLUMINA,2016-03-26T00:00:00Z,WBU008,SRP056821,Skin,mMetagenome,Not applicable,0.474,100.0,3450826.0,Skin
166,SRR1950731,WGS,PRJNA277905,SAMN03398545,GENOME INSTITRUTE OF SINGAPORE,public,"fastq,sra","gs,ncbi,s3","gs.US,ncbi.public,s3.us-east-1",SRX976980,Illumina HiSeq 2000,PAIRED,RANDOM,METAGENOMIC,human skin metagenome,ILLUMINA,2016-03-26T00:00:00Z,WBU009,SRP056821,Skin,mMetagenome,Not applicable,0.705,100.0,5089242.0,Skin
167,SRR1950749,WGS,PRJNA277905,SAMN03398563,GENOME INSTITRUTE OF SINGAPORE,public,"fastq,sra","gs,ncbi,s3","gs.US,ncbi.public,s3.us-east-1",SRX976998,Illumina HiSeq 2000,PAIRED,RANDOM,METAGENOMIC,human skin metagenome,ILLUMINA,2016-03-26T00:00:00Z,WBE013,SRP056821,Skin,mMetagenome,Not applicable,1.756,100.0,9279152.0,Skin
168,SRR1950758,WGS,PRJNA277905,SAMN03398572,GENOME INSTITRUTE OF SINGAPORE,public,"fastq,sra","gs,ncbi,s3","gs.US,ncbi.public,s3.us-east-1",SRX977007,Illumina HiSeq 2000,PAIRED,RANDOM,METAGENOMIC,human skin metagenome,ILLUMINA,2016-03-26T00:00:00Z,WBE027,SRP056821,Skin,mMetagenome,Not applicable,1.009,100.0,7400171.0,Skin
169,SRR1950762,WGS,PRJNA277905,SAMN03398576,GENOME INSTITRUTE OF SINGAPORE,public,"fastq,sra","gs,ncbi,s3","gs.US,ncbi.public,s3.us-east-1",SRX977011,Illumina HiSeq 2000,PAIRED,RANDOM,METAGENOMIC,human skin metagenome,ILLUMINA,2016-03-26T00:00:00Z,WBE031,SRP056821,Skin,mMetagenome,Not applicable,0.765,100.0,5532437.0,Skin
170,SRR1950776,WGS,PRJNA277905,SAMN03398590,GENOME INSTITRUTE OF SINGAPORE,public,"fastq,sra","gs,ncbi,s3","gs.US,ncbi.public,s3.us-east-1",SRX977025,Illumina HiSeq 2000,PAIRED,RANDOM,METAGENOMIC,human skin metagenome,ILLUMINA,2016-03-26T00:00:00Z,WBE047,SRP056821,Skin,mMetagenome,Not applicable,1.04,100.0,7643070.0,Skin
171,SRR1923770,AMPLICON,PRJNA278873,SAMN03433816,INDIANA UNIVERSITY,public,"fastq,sra","gs,ncbi,s3","gs.US,ncbi.public,s3.us-east-1",SRX963821,454 GS FLX Titanium,SINGLE,PCR,METAGENOMIC,human skin metagenome,LS454,2015-03-23T00:00:00Z,s1r2.39B,SRP056364,Skin,mMetagenome,Not applicable,0.001,422.9,2853.0,Skin
172,SRR988095,WGS,PRJNA219368,SAMN02354095,GEORGIA TECH,public,sra,"gs,ncbi,s3","gs.US,ncbi.public,s3.us-east-1",SRX352025,Illumina HiSeq 2000,PAIRED,unspecified,METAGENOMIC,soil metagenome,ILLUMINA,2015-07-22T00:00:00Z,C1.rep2,SRP029969,Sediment/Soil,mMetagenome,Not applicable,3.645,101.0,19905076.0,Sediment/Soil
173,SRR1923773,AMPLICON,PRJNA278873,SAMN03433818,INDIANA UNIVERSITY,public,"fastq,sra","gs,ncbi,s3","gs.US,ncbi.public,s3.us-east-1",SRX963823,454 GS FLX Titanium,SINGLE,PCR,METAGENOMIC,human skin metagenome,LS454,2015-03-23T00:00:00Z,s1r2.41B,SRP056364,Skin,mMetagenome,Not applicable,0.001,409.8,2227.0,Skin
174,SRR1518410,WGS,PRJNA255439,SAMN02919189,THE GEORGE WASHINGTON UNIVERSITY,public,"fastq,sra","gs,ncbi,s3","gs.US,ncbi.public,s3.us-east-1",SRX655652,Illumina HiSeq 2000,SINGLE,RANDOM,METAGENOMIC,human metagenome,ILLUMINA,2014-10-22T00:00:00Z,ES 069,SRP044400,Oral,mMetagenome,Not declared,4.255,101.0,45624606.0,mOral
175,SRR5892210,WGS,PRJNA396840,SAMN07440130,NTU,public,"fastq,sra","gs,ncbi,s3","gs.US,ncbi.public,s3.us-east-1",SRX3057947,Illumina HiSeq 2500,PAIRED,size fractionation,METAGENOMIC,human metagenome,ILLUMINA,2017-10-10T00:00:00Z,X4056DNA,SRP114751,Oral,mMetagenome,Saliva,2.422,244.85,6018951.0,mOral
176,SRR1041150,WGA,PRJNA213303,SAMN02264653,THE OHIO STATE UNIVERSITY,public,"fastq,sra","gs,ncbi,s3","gs.US,ncbi.public,s3.us-east-1",SRX385544,Illumina HiSeq 2000,PAIRED,MDA,GENOMIC,Tannerella sp. oral taxon BU063 isolate Cell 2,ILLUMINA,2014-05-29T00:00:00Z,TannBU063.2,SRP033408,Oral,mMetagenome,Plaque,3.3100000000000005,100.0,17415723.0,mOral
177,SRR1157607,WGS,PRJNA221719,SAMN02364459,GEORGIA TECH,public,"fastq,sra","gs,ncbi,s3","gs.US,ncbi.public,s3.us-east-1",SRX461673,Illumina HiSeq 2000,PAIRED,size fractionation,METAGENOMIC,soil metagenome,ILLUMINA,2014-02-10T00:00:00Z,Bog75,SRP030479,Sediment/Soil,mMetagenome,Not applicable,4.433,100.0,27629264.0,Sediment/Soil
178,SRR988077,WGS,PRJNA219368,SAMN02354096,GEORGIA TECH,public,"fastq,sra","gs,ncbi,s3","gs.US,ncbi.public,s3.us-east-1",SRX352022,Illumina HiSeq 2000,PAIRED,unspecified,METAGENOMIC,soil metagenome,ILLUMINA,2015-07-22T00:00:00Z,C2,SRP029969,Sediment/Soil,mMetagenome,Not applicable,4.312,101.0,23571226.0,Sediment/Soil
179,SRR1518393,WGS,PRJNA255439,SAMN02919189,THE GEORGE WASHINGTON UNIVERSITY,public,"fastq,sra","gs,ncbi,s3","gs.US,ncbi.public,s3.us-east-1",SRX655652,Illumina HiSeq 2000,SINGLE,RANDOM,METAGENOMIC,human metagenome,ILLUMINA,2014-10-22T00:00:00Z,ES 069,SRP044400,Oral,mMetagenome,Not declared,9.051,101.0,97036033.0,mOral
180,SRR7448291,WGS,PRJNA478018,SAMN09489426,J. CRAIG VENTER INSTITUTE,public,"fastq,sra","gs,ncbi,s3","gs.US,ncbi.public,s3.us-east-1",SRX4318851,NextSeq 500,PAIRED,RANDOM,METAGENOMIC,human oral metagenome,ILLUMINA,2018-06-28T00:00:00Z,Metagenome,SRP151559,Oral,mMetagenome,Saliva,5.79,149.45,31509401.0,mOral
181,SRR7992620,WGS,PRJNA471898,SAMN10173381,NISC,public,"fastq,sra","gs,ncbi,s3","gs.US,ncbi.public,s3.us-east-1",SRX4823681,Illumina HiSeq 2500,PAIRED,RANDOM,METAGENOMIC,human skin metagenome,ILLUMINA,2018-10-12T00:00:00Z,VRNA_054,SRP157584,Skin,mMetagenome,Not applicable,2.968,126.0,21406093.0,Skin
182,SRR7992621,WGS,PRJNA471898,SAMN10173381,NISC,public,"fastq,sra","gs,ncbi,s3","gs.US,ncbi.public,s3.us-east-1",SRX4823681,Illumina HiSeq 2500,PAIRED,RANDOM,METAGENOMIC,human skin metagenome,ILLUMINA,2018-10-12T00:00:00Z,VRNA_054,SRP157584,Skin,mMetagenome,Not applicable,3.058,126.0,20812370.0,Skin
183,ERR1883438,WGS,PRJEB18629,SAMEA103911577,MPI EVOLUTIONARY ANTHROPOLOGY,public,"bam,sra","ena,gs,ncbi,s3","ena,gs.US,ncbi.public,s3.us-east-1",ERX1943939,Illumina HiSeq 2500,PAIRED,RANDOM,METAGENOMIC,sediment metagenome,ILLUMINA,2017-04-27T00:00:00Z,SAMEA103911577,ERP020575,Sediment/Soil,mMetagenome,Not applicable,0.988,71.66666666666667,5914295.333333333,Sediment/Soil
184,ERR1883419,WGS,PRJEB18629,SAMEA103911558,MPI EVOLUTIONARY ANTHROPOLOGY,public,"bam,sra","ena,gs,ncbi,s3","ena,gs.US,ncbi.public,s3.us-east-1",ERX1943920,Illumina HiSeq 2500,PAIRED,RANDOM,METAGENOMIC,sediment metagenome,ILLUMINA,2017-04-27T00:00:00Z,SAMEA103911558,ERP020575,Sediment/Soil,mMetagenome,Not applicable,0.6030000000000001,68.76666666666667,5234534.0,Sediment/Soil
185,ERR1883430,WGS,PRJEB18629,SAMEA103911569,MPI EVOLUTIONARY ANTHROPOLOGY,public,"bam,sra","ena,gs,ncbi,s3","ena,gs.US,ncbi.public,s3.us-east-1",ERX1943931,Illumina HiSeq 2500,PAIRED,RANDOM,METAGENOMIC,sediment metagenome,ILLUMINA,2017-04-27T00:00:00Z,SAMEA103911569,ERP020575,Sediment/Soil,mMetagenome,Not applicable,0.7090000000000001,68.56666666666666,5216735.666666667,Sediment/Soil
186,ERR671911,WGS,PRJEB7626,SAMEA3113585,BRAEMBL,public,"fastq,sra","ena,gs,ncbi,s3","ena,gs.US,ncbi.public,s3.us-east-1",ERX626889,Illumina HiSeq 2500,PAIRED,RANDOM,METAGENOMIC,soil metagenome,ILLUMINA,2015-01-28T00:00:00Z,SAMEA3113585,ERP008551,Sediment/Soil,mMetagenome,Not applicable,11.157,151.0,45609583.0,Sediment/Soil
187,ERR671912,WGS,PRJEB7626,SAMEA3113584,BRAEMBL,public,"fastq,sra","ena,gs,ncbi,s3","ena,gs.US,ncbi.public,s3.us-east-1",ERX626890,Illumina HiSeq 2500,PAIRED,RANDOM,METAGENOMIC,soil metagenome,ILLUMINA,2015-01-28T00:00:00Z,SAMEA3113584,ERP008551,Sediment/Soil,mMetagenome,Not applicable,9.366,151.0,38160510.0,Sediment/Soil
188,ERR671915,WGS,PRJEB7626,SAMEA3113583,BRAEMBL,public,"fastq,sra","ena,gs,ncbi,s3","ena,gs.US,ncbi.public,s3.us-east-1",ERX626893,Illumina HiSeq 2500,PAIRED,RANDOM,METAGENOMIC,soil metagenome,ILLUMINA,2015-01-28T00:00:00Z,SAMEA3113583,ERP008551,Sediment/Soil,mMetagenome,Not applicable,9.377,151.0,38655244.0,Sediment/Soil
189,ERR671918,WGS,PRJEB7626,SAMEA3113581,BRAEMBL,public,"fastq,sra","ena,gs,ncbi,s3","ena,gs.US,ncbi.public,s3.us-east-1",ERX626896,Illumina HiSeq 2500,PAIRED,RANDOM,METAGENOMIC,soil metagenome,ILLUMINA,2015-01-28T00:00:00Z,SAMEA3113581,ERP008551,Sediment/Soil,mMetagenome,Not applicable,10.865,151.0,44110977.0,Sediment/Soil
190,ERR671919,WGS,PRJEB7626,SAMEA3113581,BRAEMBL,public,"fastq,sra","ena,gs,ncbi,s3","ena,gs.US,ncbi.public,s3.us-east-1",ERX626897,Illumina HiSeq 2500,PAIRED,RANDOM,METAGENOMIC,soil metagenome,ILLUMINA,2015-01-28T00:00:00Z,SAMEA3113581,ERP008551,Sediment/Soil,mMetagenome,Not applicable,10.887,151.0,44321273.0,Sediment/Soil
191,ERR671920,WGS,PRJEB7626,SAMEA3113580,BRAEMBL,public,"fastq,sra","ena,gs,ncbi,s3","ena,gs.US,ncbi.public,s3.us-east-1",ERX626898,Illumina HiSeq 2500,PAIRED,RANDOM,METAGENOMIC,soil metagenome,ILLUMINA,2015-01-28T00:00:00Z,SAMEA3113580,ERP008551,Sediment/Soil,mMetagenome,Not applicable,10.865,151.0,44192765.0,Sediment/Soil
192,ERR671921,WGS,PRJEB7626,SAMEA3113580,BRAEMBL,public,"fastq,sra","ena,gs,ncbi,s3","ena,gs.US,ncbi.public,s3.us-east-1",ERX626899,Illumina HiSeq 2500,PAIRED,RANDOM,METAGENOMIC,soil metagenome,ILLUMINA,2015-01-28T00:00:00Z,SAMEA3113580,ERP008551,Sediment/Soil,mMetagenome,Not applicable,10.873,151.0,44357127.0,Sediment/Soil
193,ERR671924,WGS,PRJEB7626,SAMEA3113579,BRAEMBL,public,"fastq,sra","ena,gs,ncbi,s3","ena,gs.US,ncbi.public,s3.us-east-1",ERX626902,Illumina HiSeq 2500,PAIRED,RANDOM,METAGENOMIC,soil metagenome,ILLUMINA,2015-01-28T00:00:00Z,SAMEA3113579,ERP008551,Sediment/Soil,mMetagenome,Not applicable,9.465,151.0,38618170.0,Sediment/Soil
194,ERR671933,WGS,PRJEB7626,SAMEA3113576,BRAEMBL,public,"fastq,sra","ena,gs,ncbi,s3","ena,gs.US,ncbi.public,s3.us-east-1",ERX626911,Illumina HiSeq 2500,PAIRED,RANDOM,METAGENOMIC,soil metagenome,ILLUMINA,2015-01-28T00:00:00Z,SAMEA3113576,ERP008551,Sediment/Soil,mMetagenome,Not applicable,11.079,151.0,44724569.0,Sediment/Soil
195,ERR671937,WGS,PRJEB7626,SAMEA3113575,BRAEMBL,public,"fastq,sra","ena,gs,ncbi,s3","ena,gs.US,ncbi.public,s3.us-east-1",ERX626915,Illumina HiSeq 2500,PAIRED,RANDOM,METAGENOMIC,soil metagenome,ILLUMINA,2015-01-28T00:00:00Z,SAMEA3113575,ERP008551,Sediment/Soil,mMetagenome,Not applicable,11.211,151.0,45375708.0,Sediment/Soil
196,ERR671939,WGS,PRJEB7626,SAMEA3113574,BRAEMBL,public,"fastq,sra","ena,gs,ncbi,s3","ena,gs.US,ncbi.public,s3.us-east-1",ERX626917,Illumina HiSeq 2500,PAIRED,RANDOM,METAGENOMIC,soil metagenome,ILLUMINA,2015-01-28T00:00:00Z,SAMEA3113574,ERP008551,Sediment/Soil,mMetagenome,Not applicable,10.573,151.0,42552839.0,Sediment/Soil
197,ERR687884,WGS,PRJEB7626,SAMEA3113574,BRAEMBL,public,"fastq,sra","ena,gs,ncbi,s3","ena,gs.US,ncbi.public,s3.us-east-1",ERX632827,Illumina HiSeq 2500,PAIRED,RANDOM,METAGENOMIC,soil metagenome,ILLUMINA,2015-01-29T00:00:00Z,SAMEA3113574,ERP008551,Sediment/Soil,mMetagenome,Not applicable,10.669,151.0,43332095.0,Sediment/Soil
198,ERR687885,WGS,PRJEB7626,SAMEA3113576,BRAEMBL,public,"fastq,sra","ena,gs,ncbi,s3","ena,gs.US,ncbi.public,s3.us-east-1",ERX632828,Illumina HiSeq 2500,PAIRED,RANDOM,METAGENOMIC,soil metagenome,ILLUMINA,2015-01-29T00:00:00Z,SAMEA3113576,ERP008551,Sediment/Soil,mMetagenome,Not applicable,10.769,151.0,43861277.0,Sediment/Soil
199,ERR687891,WGS,PRJEB7626,SAMEA3113581,BRAEMBL,public,"fastq,sra","ena,gs,ncbi,s3","ena,gs.US,ncbi.public,s3.us-east-1",ERX632834,Illumina HiSeq 2500,PAIRED,RANDOM,METAGENOMIC,soil metagenome,ILLUMINA,2015-01-29T00:00:00Z,SAMEA3113581,ERP008551,Sediment/Soil,mMetagenome,Not applicable,10.322,151.0,41900421.0,Sediment/Soil
200,ERR687894,WGS,PRJEB7626,SAMEA3113582,BRAEMBL,public,"fastq,sra","ena,gs,ncbi,s3","ena,gs.US,ncbi.public,s3.us-east-1",ERX632837,Illumina HiSeq 2500,PAIRED,RANDOM,METAGENOMIC,soil metagenome,ILLUMINA,2015-01-29T00:00:00Z,SAMEA3113582,ERP008551,Sediment/Soil,mMetagenome,Not applicable,10.481,151.0,42356104.0,Sediment/Soil
201,ERR687898,WGS,PRJEB7626,SAMEA3113585,BRAEMBL,public,"fastq,sra","ena,gs,ncbi,s3","ena,gs.US,ncbi.public,s3.us-east-1",ERX632841,Illumina HiSeq 2500,PAIRED,RANDOM,METAGENOMIC,soil metagenome,ILLUMINA,2015-01-29T00:00:00Z,SAMEA3113585,ERP008551,Sediment/Soil,mMetagenome,Not applicable,11.513,151.0,46290224.0,Sediment/Soil
202,ERR450858,AMPLICON,PRJEB5758,SAMEA2393344,CCME-COLORADO,public,"fastq,sra","ena,gs,ncbi,s3","ena,gs.US,ncbi.public,s3.us-east-1",ERX417230,unspecified,SINGLE,PCR,METAGENOMIC,human skin metagenome,ILLUMINA,2014-06-07T00:00:00Z,SAMEA2393344,ERP005182,Skin,mMetagenome,Not applicable,0.003,99.1,42141.0,Skin
203,ERR450906,AMPLICON,PRJEB5758,SAMEA2393392,CCME-COLORADO,public,"fastq,sra","ena,gs,ncbi,s3","ena,gs.US,ncbi.public,s3.us-east-1",ERX417278,unspecified,SINGLE,PCR,METAGENOMIC,human skin metagenome,ILLUMINA,2014-06-07T00:00:00Z,SAMEA2393392,ERP005182,Skin,mMetagenome,Not applicable,0.003,99.2,48783.0,Skin
204,ERR450958,AMPLICON,PRJEB5758,SAMEA2393444,CCME-COLORADO,public,"fastq,sra","ena,gs,ncbi,s3","ena,gs.US,ncbi.public,s3.us-east-1",ERX417330,unspecified,SINGLE,PCR,METAGENOMIC,human skin metagenome,ILLUMINA,2014-06-07T00:00:00Z,SAMEA2393444,ERP005182,Skin,mMetagenome,Not applicable,0.001,96.8,6105.0,Skin
205,ERR451076,AMPLICON,PRJEB5758,SAMEA2393562,CCME-COLORADO,public,"fastq,sra","ena,gs,ncbi,s3","ena,gs.US,ncbi.public,s3.us-east-1",ERX417448,unspecified,SINGLE,PCR,METAGENOMIC,human skin metagenome,ILLUMINA,2014-06-07T00:00:00Z,SAMEA2393562,ERP005182,Skin,mMetagenome,Not applicable,0.002,95.3,24984.0,Skin
206,ERR451083,AMPLICON,PRJEB5758,SAMEA2393569,CCME-COLORADO,public,"fastq,sra","ena,gs,ncbi,s3","ena,gs.US,ncbi.public,s3.us-east-1",ERX417455,unspecified,SINGLE,PCR,METAGENOMIC,human skin metagenome,ILLUMINA,2014-06-07T00:00:00Z,SAMEA2393569,ERP005182,Skin,mMetagenome,Not applicable,0.002,98.5,20208.0,Skin
207,ERR451153,AMPLICON,PRJEB5758,SAMEA2393639,CCME-COLORADO,public,"fastq,sra","ena,gs,ncbi,s3","ena,gs.US,ncbi.public,s3.us-east-1",ERX417525,unspecified,SINGLE,PCR,METAGENOMIC,human skin metagenome,ILLUMINA,2014-06-07T00:00:00Z,SAMEA2393639,ERP005182,Skin,mMetagenome,Not applicable,0.004,99.3,52380.0,Skin
208,ERR451202,AMPLICON,PRJEB5758,SAMEA2393688,CCME-COLORADO,public,"fastq,sra","ena,gs,ncbi,s3","ena,gs.US,ncbi.public,s3.us-east-1",ERX417574,unspecified,SINGLE,PCR,METAGENOMIC,human skin metagenome,ILLUMINA,2014-06-07T00:00:00Z,SAMEA2393688,ERP005182,Skin,mMetagenome,Not applicable,0.004,98.9,61956.0,Skin
209,ERR451384,AMPLICON,PRJEB5758,SAMEA2393870,CCME-COLORADO,public,"fastq,sra","ena,gs,ncbi,s3","ena,gs.US,ncbi.public,s3.us-east-1",ERX417756,unspecified,SINGLE,PCR,METAGENOMIC,human skin metagenome,ILLUMINA,2014-06-07T00:00:00Z,SAMEA2393870,ERP005182,Skin,mMetagenome,Not applicable,0.001,99.3,6.0,Skin
210,ERR451472,AMPLICON,PRJEB5758,SAMEA2393958,CCME-COLORADO,public,"fastq,sra","ena,gs,ncbi,s3","ena,gs.US,ncbi.public,s3.us-east-1",ERX417844,unspecified,SINGLE,PCR,METAGENOMIC,human skin metagenome,ILLUMINA,2014-06-07T00:00:00Z,SAMEA2393958,ERP005182,Skin,mMetagenome,Not applicable,0.001,97.7,13480.0,Skin
211,ERR451524,AMPLICON,PRJEB5758,SAMEA2394010,CCME-COLORADO,public,"fastq,sra","ena,gs,ncbi,s3","ena,gs.US,ncbi.public,s3.us-east-1",ERX417896,unspecified,SINGLE,PCR,METAGENOMIC,human skin metagenome,ILLUMINA,2014-06-07T00:00:00Z,SAMEA2394010,ERP005182,Skin,mMetagenome,Not applicable,0.002,98.7,21836.0,Skin
212,ERR450719,AMPLICON,PRJEB5758,SAMEA2393205,CCME-COLORADO,public,"fastq,sra","ena,gs,ncbi,s3","ena,gs.US,ncbi.public,s3.us-east-1",ERX417091,unspecified,SINGLE,PCR,METAGENOMIC,human skin metagenome,ILLUMINA,2014-06-07T00:00:00Z,SAMEA2393205,ERP005182,Skin,mMetagenome,Not applicable,0.004,98.4,46671.0,Skin
213,ERR450774,AMPLICON,PRJEB5758,SAMEA2393260,CCME-COLORADO,public,"fastq,sra","ena,gs,ncbi,s3","ena,gs.US,ncbi.public,s3.us-east-1",ERX417146,unspecified,SINGLE,PCR,METAGENOMIC,human skin metagenome,ILLUMINA,2014-06-07T00:00:00Z,SAMEA2393260,ERP005182,Skin,mMetagenome,Not applicable,0.007,99.3,95567.0,Skin
214,ERR1474568,WGS,PRJEB14383,SAMEA4031756,UCL,public,"fastq,sra","ena,gs,ncbi,s3","ena,gs.US,ncbi.public,s3.us-east-1",ERX1545705,Illumina HiSeq 2500,PAIRED,RANDOM PCR,METAGENOMIC,metagenome,ILLUMINA,2017-11-16T00:00:00Z,SAMEA4031756,ERP016024,Oral,mMetagenome,Saliva,8.215,95.65,41891239.0,mOral
215,ERR1474580,WGS,PRJEB14383,SAMEA4031768,UCL,public,"fastq,sra","ena,gs,ncbi,s3","ena,gs.US,ncbi.public,s3.us-east-1",ERX1545717,Illumina HiSeq 2500,PAIRED,RANDOM PCR,METAGENOMIC,metagenome,ILLUMINA,2017-11-16T00:00:00Z,SAMEA4031768,ERP016024,Oral,mMetagenome,Saliva,9.176,86.35,54071663.0,mOral
216,ERR1474585,WGS,PRJEB14383,SAMEA4031773,UCL,public,"fastq,sra","ena,gs,ncbi,s3","ena,gs.US,ncbi.public,s3.us-east-1",ERX1545722,Illumina HiSeq 2500,PAIRED,RANDOM PCR,METAGENOMIC,metagenome,ILLUMINA,2017-11-16T00:00:00Z,SAMEA4031773,ERP016024,Oral,mMetagenome,Saliva,6.564,89.8,38323142.0,mOral
217,ERR2004605,WGS,PRJEB21269,SAMEA104120062,"APPRECIATE THE BEAUTY OF LIFE, INC.",public,"fastq,sra","ena,gs,ncbi,s3","ena,gs.US,ncbi.public,s3.us-east-1",ERX2064370,NextSeq 500,PAIRED,size fractionation,METAGENOMIC,soil metagenome,ILLUMINA,2019-01-02T00:00:00Z,SAMEA104120062,ERP023502,Sediment/Soil,mMetagenome,Not applicable,4.888,151.0,23174396.0,Sediment/Soil
218,ERR2004609,WGS,PRJEB21269,SAMEA104120066,"APPRECIATE THE BEAUTY OF LIFE, INC.",public,"fastq,sra","ena,gs,ncbi,s3","ena,gs.US,ncbi.public,s3.us-east-1",ERX2064374,NextSeq 500,PAIRED,size fractionation,METAGENOMIC,soil metagenome,ILLUMINA,2019-01-02T00:00:00Z,SAMEA104120066,ERP023502,Sediment/Soil,mMetagenome,Not applicable,4.851,151.0,22870912.0,Sediment/Soil
219,ERR3307045,WGS,PRJEB31185,SAMEA5591548,MPI SCIENCE OF HUMAN HIST,public,"fastq,sra","ena,gs,ncbi,s3","ena,gs.US,ncbi.public,s3.us-east-1",ERX3333070,NextSeq 500,PAIRED,RANDOM,GENOMIC,metagenome,ILLUMINA,2019-05-05T00:00:00Z,SAMEA5591548,ERP113706,Oral,mMetagenome,Not declared,7.797000000000001,76.0,70322031.0,mOral
220,ERR3307047,WGS,PRJEB31185,SAMEA5591550,MPI SCIENCE OF HUMAN HIST,public,"fastq,sra","ena,gs,ncbi,s3","ena,gs.US,ncbi.public,s3.us-east-1",ERX3333072,NextSeq 500,PAIRED,RANDOM,GENOMIC,metagenome,ILLUMINA,2019-05-05T00:00:00Z,SAMEA5591550,ERP113706,Oral,mMetagenome,Not declared,5.78,76.0,51309213.0,mOral
221,ERR3307050,WGS,PRJEB31185,SAMEA5591553,MPI SCIENCE OF HUMAN HIST,public,"fastq,sra","ena,gs,ncbi,s3","ena,gs.US,ncbi.public,s3.us-east-1",ERX3333075,NextSeq 500,PAIRED,RANDOM,GENOMIC,metagenome,ILLUMINA,2019-05-05T00:00:00Z,SAMEA5591553,ERP113706,Oral,mMetagenome,Not declared,5.406000000000001,76.0,47839599.0,mOral
222,ERR3307054,WGS,PRJEB31185,SAMEA5591557,MPI SCIENCE OF HUMAN HIST,public,"fastq,sra","ena,gs,ncbi,s3","ena,gs.US,ncbi.public,s3.us-east-1",ERX3333079,NextSeq 500,PAIRED,RANDOM,GENOMIC,metagenome,ILLUMINA,2019-05-05T00:00:00Z,SAMEA5591557,ERP113706,Oral,mMetagenome,Not declared,8.221,76.0,73800335.0,mOral
223,ERR3579823,WGS,PRJEB34569,SAMEA5971646,MPI SCIENCE OF HUMAN HIST,public,"fastq,sra","gs,ncbi,s3","gs.US,ncbi.public,s3.us-east-1",ERX3577122,NextSeq 500,PAIRED,RANDOM,METAGENOMIC,Homo sapiens,ILLUMINA,2021-04-28T00:00:00Z,VLC005.A,ERP117493,Oral,mMetagenome,Calculus,5.366,95.85,44348880.0,mOral
224,ERR3579824,WGS,PRJEB34569,SAMEA5971647,MPI SCIENCE OF HUMAN HIST,public,"fastq,sra","gs,s3,ncbi","ncbi.public,s3.us-east-1,gs.US",ERX3577123,NextSeq 500,PAIRED,RANDOM,METAGENOMIC,Homo sapiens,ILLUMINA,2021-04-28T00:00:00Z,VLC008.A,ERP117493,Oral,mMetagenome,Calculus,4.743,109.75,35364677.0,mOral
225,ERR3579819,WGS,PRJEB34569,SAMEA5971642,MPI SCIENCE OF HUMAN HIST,public,"sra,fastq","gs,ncbi,s3","ncbi.public,gs.US,s3.us-east-1",ERX3577118,NextSeq 500,PAIRED,RANDOM,METAGENOMIC,Homo sapiens,ILLUMINA,2021-04-28T00:00:00Z,VLC001.A,ERP117493,Oral,mMetagenome,Calculus,4.452999999999999,105.55,34014564.0,mOral
226,ERR3579821,WGS,PRJEB34569,SAMEA5971644,MPI SCIENCE OF HUMAN HIST,public,"sra,fastq","s3,gs,ncbi","s3.us-east-1,ncbi.public,gs.US",ERX3577120,NextSeq 500,PAIRED,RANDOM,METAGENOMIC,Homo sapiens,ILLUMINA,2021-04-28T00:00:00Z,VLC003.A,ERP117493,Oral,mMetagenome,Calculus,3.1,95.35,26165856.0,mOral
227,ERR3579826,WGS,PRJEB34569,SAMEA5971649,MPI SCIENCE OF HUMAN HIST,public,"fastq,sra","gs,ncbi,s3","ncbi.public,s3.us-east-1,gs.US",ERX3577125,NextSeq 500,PAIRED,RANDOM,METAGENOMIC,Homo sapiens,ILLUMINA,2021-04-28T00:00:00Z,VLC010.A,ERP117493,Oral,mMetagenome,Calculus,2.3920000000000003,99.55,19131370.0,mOral
228,SRR1804823,WGS,PRJNA48479,SAMN00035742,WUGSC,HMP,sra,"gs,ncbi,s3","gs.US,ncbi.dbgap,ncbi.public,s3.us-east-1",SRX877359,Illumina HiSeq 2000,PAIRED,unspecified,GENOMIC,human metagenome,ILLUMINA,2015-02-19T00:00:00Z,700023178,SRP002163,Oral,mMetagenome,Plaque,4.138,100.0,28014608.0,mOral
229,SRR3184876,WGS,PRJNA46333,SAMN04359977,NISC,public,"sra,unknown_contigs","gs,ncbi,s3","gs.US,ncbi.public,s3.us-east-1",SRX1598217,Illumina HiSeq 2000,PAIRED,RANDOM,METAGENOMIC,human skin metagenome,ILLUMINA,2016-05-01T00:00:00Z,MET0601,SRP002480,Skin,mMetagenome,Not applicable,5.415,101.0,28640653.0,Skin
230,SRR3189416,WGS,PRJNA46333,SAMN04360124,NISC,public,"sra,unknown_contigs","gs,ncbi,s3","gs.US,ncbi.public,s3.us-east-1",SRX1601624,Illumina HiSeq 2000,PAIRED,RANDOM,METAGENOMIC,human skin metagenome,ILLUMINA,2016-05-01T00:00:00Z,MET0772,SRP002480,Skin,mMetagenome,Not applicable,2.4610000000000003,101.0,12690457.0,Skin
231,SRR1631060,WGS,PRJNA46333,SAMN03025571,NISC,public,sra,"gs,ncbi,s3","gs.US,ncbi.public,s3.us-east-1",SRX743731,Illumina HiSeq 2000,PAIRED,RANDOM,METAGENOMIC,human skin metagenome,ILLUMINA,2014-10-30T00:00:00Z,MET0207,SRP002480,Skin,mMetagenome,Not applicable,4.638,101.0,24178312.0,Skin
232,SRR1633008,WGS,PRJNA46333,SAMN03025673,NISC,public,sra,"gs,ncbi,s3","gs.US,ncbi.public,s3.us-east-1",SRX745020,Illumina HiSeq 2000,PAIRED,RANDOM,METAGENOMIC,human skin metagenome,ILLUMINA,2014-10-30T00:00:00Z,MET0310,SRP002480,Skin,mMetagenome,Not applicable,2.4530000000000003,101.0,13631124.0,Skin
233,SRR1620017,WGS,PRJNA46333,SAMN03025397,NISC,public,sra,"gs,ncbi,s3","gs.US,ncbi.public,s3.us-east-1",SRX739401,Illumina HiSeq 2000,PAIRED,RANDOM,METAGENOMIC,human skin metagenome,ILLUMINA,2014-10-30T00:00:00Z,MET0006,SRP002480,Skin,mMetagenome,Not applicable,5.715,101.0,29006012.0,Skin
234,SRR2096702,WGS,PRJNA46333,SAMN03840426,NISC,public,sra,"gs,ncbi,s3","gs.US,ncbi.public,s3.us-east-1",SRX1091795,Illumina HiSeq 2000,PAIRED,RANDOM,METAGENOMIC,human skin metagenome,ILLUMINA,2016-02-23T00:00:00Z,MET0340,SRP002480,Skin,mMetagenome,Not applicable,0.071,101.0,369302.0,Skin
235,SRR2096703,WGS,PRJNA46333,SAMN03840426,NISC,public,sra,"gs,ncbi,s3","gs.US,ncbi.public,s3.us-east-1",SRX1091795,Illumina HiSeq 2000,PAIRED,RANDOM,METAGENOMIC,human skin metagenome,ILLUMINA,2016-02-23T00:00:00Z,MET0340,SRP002480,Skin,mMetagenome,Not applicable,0.076,101.0,389967.0,Skin
236,SRR2096704,WGS,PRJNA46333,SAMN03840426,NISC,public,sra,"gs,ncbi,s3","gs.US,ncbi.public,s3.us-east-1",SRX1091795,Illumina HiSeq 2000,PAIRED,RANDOM,METAGENOMIC,human skin metagenome,ILLUMINA,2016-02-23T00:00:00Z,MET0340,SRP002480,Skin,mMetagenome,Not applicable,0.08,101.0,459681.0,Skin
237,SRR2096708,WGS,PRJNA46333,SAMN03840426,NISC,public,sra,"gs,ncbi,s3","gs.US,ncbi.public,s3.us-east-1",SRX1091795,Illumina HiSeq 2000,PAIRED,RANDOM,METAGENOMIC,human skin metagenome,ILLUMINA,2016-02-23T00:00:00Z,MET0340,SRP002480,Skin,mMetagenome,Not applicable,0.106,101.0,547097.0,Skin
238,SRR2096710,WGS,PRJNA46333,SAMN03840426,NISC,public,sra,"gs,ncbi,s3","gs.US,ncbi.public,s3.us-east-1",SRX1091795,Illumina HiSeq 2000,PAIRED,RANDOM,METAGENOMIC,human skin metagenome,ILLUMINA,2016-02-23T00:00:00Z,MET0340,SRP002480,Skin,mMetagenome,Not applicable,0.095,101.0,502217.0,Skin
239,SRR3644405,WGS,PRJNA46333,SAMN04999354,NISC,public,sra,ncbi,ncbi.public,SRX1828711,Illumina HiSeq 2000,PAIRED,RANDOM,METAGENOMIC,human skin metagenome,ILLUMINA,2017-07-13T00:00:00Z,MET1606,SRP002480,Skin,mMetagenome,Not applicable,1.824,126.0,10783066.0,Skin
240,SRR061294,WGS,PRJNA48479,SAMN00082239,WUGSC,HMP,"fastq,sra","gs,ncbi,s3","gs.US,ncbi.dbgap,ncbi.public,s3.us-east-1",SRX024068,Illumina Genome Analyzer II,PAIRED,RANDOM,METAGENOMIC,human metagenome,ILLUMINA,2010-07-29T00:00:00Z,700114441,SRP002163,Oral,mMetagenome,Plaque,2.002,100.0,28337005.0,mOral
241,SRR062299,WGS,PRJNA48479,SAMN00035168,WUGSC,HMP,sra,"gs,ncbi,s3","gs.US,ncbi.dbgap,ncbi.public,s3.us-east-1",SRX024883,Illumina Genome Analyzer II,PAIRED,RANDOM,METAGENOMIC,human metagenome,ILLUMINA,2010-08-14T00:00:00Z,700021305,SRP002163,Oral,mMetagenome,Plaque,1.746,100.0,29562140.0,mOral
242,SRR513775,WGS,PRJNA48479,SAMN00142285,WUGSC,HMP,sra,"gs,ncbi,s3","gs.US,ncbi.dbgap,ncbi.public,s3.us-east-1",SRX153917,Illumina HiSeq 2000,PAIRED,unspecified,METAGENOMIC,human metagenome,ILLUMINA,2012-06-19T00:00:00Z,700164337,SRP002163,Oral,mMetagenome,Plaque,3.869,100.0,48437585.0,mOral
243,SRR513828,WGS,PRJNA48479,SAMN00095145,WUGSC,HMP,sra,"gs,ncbi,s3","gs.US,ncbi.dbgap,ncbi.public,s3.us-east-1",SRX153912,Illumina HiSeq 2000,PAIRED,unspecified,METAGENOMIC,human metagenome,ILLUMINA,2012-06-19T00:00:00Z,700117735,SRP002163,Oral,mMetagenome,Plaque,5.495,100.0,48780424.0,mOral
